"Timestamp","Dogs.in.ICU","Shift.Time","Count_Crt","Count_Int","Count_Wel","Count_Dsc","Count_Dis","Count_New","Count_Vols"
2013-06-10 15:55:00,10,5,4,1,5,1,4,0,2
2013-06-10 21:59:00,10,2.5,2,4,4,0,0,0,2
2013-06-11 10:57:00,10,3,1,5,4,0,0,1,3
2013-06-11 23:26:00,15,4.5,3,4,5,0,0,4,3
2013-06-12 12:04:00,11,3,3,4,0,1,3,0,5
2013-06-12 21:32:00,11,2,3,2,6,0,0,0,3
2013-06-13 12:23:00,10,4,4,2,4,1,0,0,2
2013-06-13 22:42:00,11,3.5,4,3,4,0,0,1,2
2013-06-14 11:09:00,10,3,3,5,2,0,1,0,2
2013-06-14 22:59:00,10,3.5,3,5,2,0,0,0,2
2013-06-15 12:03:00,10,2.5,2,0,1,0,0,0,4
2013-06-15 21:47:00,0,2.5,1,5,3,0,0,1,2
2013-06-16 11:40:00,8,3,0,3,5,1,0,0,3
2013-06-16 20:37:00,10,2,0,6,4,0,0,0,2
2013-06-17 11:30:00,8,2.5,2,5,1,1,1,0,3
2013-06-17 22:04:00,8,2.5,1,6,1,0,0,0,2
2013-06-18 10:42:00,8,2.5,1,6,1,0,0,0,3
2013-06-18 20:22:00,8,1.5,1,3,4,0,0,0,3
2013-06-19 12:05:00,8,4,1,5,2,0,1,1,3
2013-06-19 21:41:00,12,2.5,3,3,5,0,0,4,2
2013-06-20 11:44:00,12,4,3,2,7,0,0,0,2
2013-06-20 21:25:00,13,2,4,2,7,0,0,1,3
2013-06-21 10:37:00,13,2.5,3,2,8,0,0,0,4
2013-06-21 21:41:00,12,2.5,1,1,10,1,0,0,2
2013-06-22 10:39:00,12,3,1,1,10,0,3,0,2
2013-06-22 22:36:00,13,3,5,0,8,0,0,4,2
2013-06-23 12:11:00,11,3,3,2,6,0,1,0,3
2013-06-23 22:39:00,14,3.5,3,3,0,0,0,2,2
2013-06-24 11:07:00,13,3.5,3,2,8,0,1,0,3
2013-06-24 22:14:00,13,3,3,3,7,1,0,1,2
2013-06-26 00:20:00,13,5.5,5,3,5,0,0,5,3
2013-06-26 14:08:00,14,5,5,3,0,0,0,0,3
2013-06-26 21:35:00,13,2,6,2,4,0,0,1,4
2013-06-27 13:28:00,13,0.5,5,3,4,0,1,1,3
2013-06-28 15:18:00,16,8,6,6,5,2,0,1,4
2013-06-29 00:20:00,18,5.5,6,6,5,1,0,0,3
2013-06-29 12:19:00,16,4,3,8,5,1,1,0,3
2013-06-29 21:00:00,16,2.5,5,3,8,1,0,1,7
2013-06-30 20:34:00,12,1.5,1,0,8,0,3,0,3
2013-07-01 09:55:00,12,2,1,3,8,0,3,0,2
2013-07-01 21:14:00,8,2,0,0,8,1,0,0,4
2013-07-02 10:06:00,5,1,0,1,4,0,3,0,2
2013-07-02 21:16:00,5,2,1,0,4,0,0,0,3
2013-07-03 09:31:00,5,1.5,0,1,4,0,2,0,3
2013-07-03 20:26:00,6,1.5,0,1,5,0,0,2,3
2013-07-04 09:27:00,6,1.5,0,1,5,0,1,0,3
2013-07-04 20:03:00,6,1,1,1,4,0,0,1,3
2013-07-05 11:02:00,5,2,0,2,3,1,0,0,2
2013-07-05 20:38:00,6,1.5,0,4,2,0,0,1,2
2013-07-06 10:55:00,6,2.5,0,4,2,0,0,0,2
2013-07-06 20:38:00,6,1.5,0,4,2,0,0,0,3
2013-07-07 10:21:00,6,2,0,3,2,0,1,0,2
2013-07-07 21:05:00,6,1.5,1,4,1,0,0,0,3
2013-07-08 09:25:00,6,1.5,1,1,4,0,1,0,3
2013-07-08 20:54:00,6,1.5,1,2,3,0,0,0,3
2013-07-09 10:05:00,5,2,1,2,2,0,1,0,3
2013-07-09 20:18:00,5,1.5,1,0,4,0,0,0,3
2013-07-10 11:56:00,17,4,1,1,15,0,0,12,4
2013-07-10 21:58:00,17,3,1,2,14,0,0,0,4
2013-07-11 11:31:00,17,3.5,1,5,11,0,0,0,3
2013-07-12 10:54:00,15,2.5,1,5,9,0,1,0,2
2013-07-13 00:25:00,22,5,2,3,17,0,0,8,2
2013-07-13 12:25:00,21,4,2,4,15,0,1,0,3
2013-07-13 21:46:00,21,3,3,4,14,0,0,0,2
2013-07-14 12:53:00,22,5,2,3,17,0,0,8,2
2013-07-14 13:22:00,21,4.5,2,4,0,0,0,0,2
2013-07-14 21:53:00,21,4,2,3,16,0,0,0,4
2013-07-16 12:35:00,22,4,2,5,15,1,1,0,2
2013-07-16 22:25:00,19,0.5,3,4,12,0,2,1,4
2013-07-17 22:31:00,16,3.5,1,2,12,0,0,0,3
2013-07-18 21:29:00,13,2,2,4,7,0,0,0,3
2013-07-19 22:17:00,12,3,1,1,10,0,0,0,2
2013-07-20 10:13:00,12,2,1,2,9,0,4,0,2
2013-07-20 21:53:00,12,2.5,1,1,10,0,0,0,2
2013-07-21 10:31:00,12,2.5,0,7,5,0,0,0,2
2013-07-21 20:44:00,13,1.5,1,5,7,0,0,0,4
2013-07-22 10:45:00,12,3,3,2,7,0,1,0,2
2013-07-22 21:54:00,12,2.5,3,3,6,0,0,0,3
2013-07-23 11:33:00,12,3,4,2,6,0,3,0,4
2013-07-23 23:00:00,9,4,5,0,4,1,0,1,5
2013-07-24 12:30:00,5,3,2,1,2,2,2,0,2
2013-07-24 22:03:00,5,3,1,0,3,1,0,0,3
2013-07-25 11:49:00,4,2,1,1,2,0,0,0,2
2013-07-25 20:24:00,3,1,0,1,3,0,0,0,3
2013-07-26 10:21:00,3,2.5,0,1,2,0,1,0,2
2013-07-26 20:45:00,4,1.5,0,3,1,0,1,3,2
2013-07-27 10:29:00,4,2.5,2,1,1,0,0,0,3
2013-07-27 21:42:00,4,2.5,3,0,1,0,0,0,2
2013-07-28 09:49:00,4,2,2,1,1,0,0,0,2
2013-07-28 20:32:00,4,2,2,0,2,0,0,0,2
2013-07-29 11:51:00,4,3,2,1,1,0,0,0,2
2013-07-29 20:33:00,4,1.5,2,1,1,0,0,0,3
2013-07-30 10:05:00,4,1.5,1,0,2,1,0,0,3
2013-07-30 20:29:00,3,1.5,1,0,2,0,0,0,3
2013-07-31 11:28:00,3,2,1,0,1,0,1,1,3
2013-07-31 19:40:00,3,1,0,2,1,0,0,0,3
2013-08-01 10:25:00,2,1,0,1,1,0,1,0,3
2013-08-01 19:02:00,2,0.5,0,1,1,0,0,0,2
2013-08-02 09:23:00,2,1,0,1,1,0,0,0,2
2013-08-02 19:37:00,2,0.5,0,1,1,0,0,0,2
2013-08-03 09:33:00,2,1.5,0,1,1,0,0,0,2
2013-08-03 19:19:00,3,1,0,2,1,0,0,1,2
2013-08-04 10:01:00,2,1,0,2,0,0,1,0,2
2013-08-04 19:27:00,2,0.5,0,0,2,0,0,0,1
2013-08-05 08:39:00,2,1,0,0,2,0,0,0,2
2013-08-05 20:09:00,3,1,0,1,2,0,0,1,2
2013-08-06 09:21:00,3,1,0,1,2,0,0,0,2
2013-08-06 20:26:00,5,1.5,2,1,2,0,0,2,2
2013-08-07 12:01:00,6,4.5,3,0,2,0,0,1,2
2013-08-07 20:38:00,6,1.5,2,2,2,0,0,0,3
2013-08-08 12:26:00,5,3,4,0,1,0,1,0,3
2013-08-08 22:02:00,4,3,3,0,1,1,0,0,2
2013-08-09 11:58:00,5,4,2,1,0,0,1,2,3
2013-08-09 21:24:00,8,2.5,2,5,1,0,0,0,2
2013-08-10 11:46:00,8,3.5,3,1,4,0,0,0,2
2013-08-10 19:50:00,6,1,1,1,4,0,2,0,2
2013-08-11 10:53:00,6,2,1,1,4,0,0,0,2
2013-08-11 20:08:00,6,1,1,1,4,0,0,0,3
2013-08-12 09:11:00,5,0.5,0,2,3,1,0,0,2
2013-08-12 20:00:00,5,1,0,0,5,0,0,0,1
2013-08-13 09:31:00,5,1,0,0,5,0,0,0,2
2013-08-13 20:20:00,6,1.5,1,0,5,0,0,1,2
2013-08-14 21:19:00,7,2,0,1,5,0,0,1,2
2013-08-15 10:24:00,7,1.5,2,0,5,0,1,0,2
2013-08-15 20:24:00,6,1.5,2,1,3,0,0,1,2
2013-08-16 09:41:00,6,2,3,0,3,0,0,0,3
2013-08-16 21:01:00,6,2,3,0,3,0,0,0,2
2013-08-17 11:40:00,3,3,0,2,1,1,2,0,2
2013-08-17 20:15:00,5,1.5,0,3,2,0,0,2,2
2013-08-18 10:23:00,5,2.5,0,3,2,0,0,0,2
2013-08-18 20:02:00,6,1,0,3,3,0,0,1,2
2013-08-19 10:05:00,6,1.5,0,1,5,0,0,0,2
2013-08-19 20:07:00,6,1,0,2,4,0,0,0,2
2013-08-20 10:45:00,6,2.5,1,0,5,0,0,0,2
2013-08-20 21:03:00,8,2,3,0,5,0,0,2,2
2013-08-21 10:22:00,7,2,1,2,4,0,2,0,2
2013-08-21 19:47:00,6,1,1,2,3,0,0,0,3
2013-08-22 09:29:00,6,1.5,0,2,3,0,0,0,2
2013-08-22 20:51:00,8,1.5,2,1,5,0,0,0,2
2013-08-23 10:16:00,8,3,1,2,1,0,4,0,2
2013-08-23 20:23:00,4,1.5,2,0,2,0,0,0,2
2013-08-24 10:32:00,4,2,1,1,2,0,0,0,2
2013-08-24 20:33:00,4,1.5,1,1,2,0,0,0,2
2013-08-25 09:35:00,4,1.5,1,1,2,0,0,0,2
2013-08-25 20:35:00,3,2,0,1,2,0,0,0,1
2013-08-26 10:47:00,3,2.5,1,1,1,0,0,0,2
2013-08-26 20:31:00,3,1.5,0,2,1,0,0,0,2
2013-08-27 11:03:00,3,2,1,1,1,0,0,0,2
2013-08-27 20:54:00,3,1,0,2,3,0,0,0,2
2013-08-28 19:55:00,4,1,0,1,3,0,0,1,2
2013-08-29 09:49:00,3,1.5,0,1,2,0,1,0,2
2013-08-29 11:25:00,3,1.5,0,1,2,0,1,0,2
2013-08-29 20:48:00,3,1,0,0,3,0,0,0,2
2013-08-30 12:44:00,3,1,0,0,3,0,0,0,2
2013-08-30 19:50:00,2,0.5,0,1,1,0,0,0,2
2013-08-31 19:42:00,3,1,1,0,2,0,0,1,3
2013-09-01 08:57:00,3,1,0,2,1,0,0,0,2
2013-09-01 21:52:00,3,2,0,2,1,0,0,0,2
2013-09-02 20:08:00,4,1,1,2,1,0,0,1,2
2013-09-03 10:18:00,4,1.5,1,2,1,0,0,0,2
2013-09-03 20:42:00,3,1.5,1,2,0,0,1,0,2
2013-09-05 09:31:00,3,1.5,2,1,0,0,0,0,2
2013-09-07 09:15:00,3,1.5,0,2,1,0,0,0,3
2013-09-07 20:17:00,3,1.5,0,2,1,0,0,0,3
2013-09-10 09:14:00,3,1,0,0,0,0,3,0,2
2013-09-12 20:10:00,2,1,0,2,0,0,0,2,2
2013-09-13 19:26:00,2,0.5,2,2,0,0,0,0,2
2013-09-14 19:34:00,2,0.5,0,1,1,0,0,0,2
2013-09-15 08:46:00,2,0.5,0,0,2,0,0,0,2
2013-09-15 19:40:00,4,0.5,0,3,1,0,0,2,2
2013-09-16 10:53:00,4,2.5,1,0,3,0,0,0,2
2013-09-16 20:58:00,5,2.5,1,1,3,0,0,1,1
2013-09-17 10:30:00,5,2.5,2,2,1,0,1,0,2
2013-09-18 19:33:00,4,1,2,0,2,0,0,0,2
2013-09-19 10:14:00,4,2,2,0,1,0,0,0,2
2013-09-19 20:28:00,3,1.5,2,0,1,0,0,0,2
2013-09-20 11:06:00,4,3.5,3,0,1,0,0,1,2
2013-09-20 20:01:00,3,1,1,1,1,0,1,0,2
2013-09-21 10:22:00,3,2,2,0,1,0,0,0,2
2013-09-21 20:13:00,3,1.5,3,0,1,0,0,1,2
2013-09-22 20:08:00,5,1.5,3,1,1,0,0,1,2
2013-09-23 10:06:00,5,2.5,2,2,1,0,1,0,2
2013-09-23 21:13:00,5,2,2,3,0,0,0,1,2
2013-09-24 10:25:00,4,3,0,4,0,1,0,0,2
2013-09-24 20:33:00,4,0.5,1,2,1,0,0,0,2
2013-09-26 19:25:00,2,0.5,0,0,2,0,0,0,1
2013-09-27 19:11:00,2,0.5,0,0,2,0,0,0,2
2013-09-28 09:05:00,2,0.5,0,0,2,0,0,0,2
2013-09-28 19:53:00,2,1,0,0,2,0,0,0,2
2013-09-29 09:06:00,2,0.5,0,0,2,0,0,0,2
2013-10-01 20:17:00,1,1,1,0,0,0,0,1,1
2013-10-03 19:33:00,1,0.5,0,1,0,0,0,0,2
2013-10-04 09:31:00,1,1,0,1,0,0,0,0,2
2013-10-04 20:16:00,1,0.5,0,0,1,0,0,0,1
2013-10-05 10:01:00,1,1.5,0,1,0,0,0,0,2
2013-10-05 20:39:00,6,1,0,0,6,0,0,0,2
2013-10-06 08:40:00,6,1,0,0,6,0,0,0,2
2013-10-06 19:33:00,6,1,0,0,6,0,0,0,2
2013-10-07 19:55:00,6,0.5,0,1,5,0,0,0,2
2013-10-08 09:29:00,6,1.5,0,0,0,0,0,0,2
2013-10-08 20:01:00,6,1,0,0,6,0,0,0,1
2013-10-09 09:44:00,6,2,0,1,4,0,1,0,2
2013-10-09 20:21:00,5,1.5,0,1,4,0,0,0,3
2013-10-10 09:24:00,5,1,0,1,4,0,0,0,2
2013-10-10 20:01:00,5,1,0,1,4,0,0,0,2
2013-10-11 19:22:00,1,0.5,0,0,0,0,0,0,2
2013-10-17 20:20:00,2,1,1,1,0,0,0,0,2
2013-10-18 10:31:00,2,2,2,0,0,0,0,0,2
2013-10-18 21:19:00,3,2.5,3,0,0,0,0,0,2
2013-10-19 10:31:00,3,2.5,1,2,0,0,0,0,2
2013-10-20 10:14:00,3,2,1,2,0,0,0,0,2
2013-10-20 20:54:00,5,2,3,1,1,0,0,2,3
2013-10-22 22:34:00,10,3.5,3,3,4,0,1,4,2
2013-10-24 22:47:00,12,3.5,5,2,3,0,0,5,2
2013-10-25 11:53:00,13,4,3,6,4,0,0,1,2
2013-10-25 23:17:00,15,4,2,6,6,0,0,0,2
2013-10-26 13:47:00,15,6,2,9,4,0,0,0,3
2013-10-26 22:41:00,15,5,1,8,4,0,0,0,3
2013-10-27 13:11:00,16,6,3,6,6,0,0,1,2
2013-10-27 20:03:00,15,2.5,2,7,4,0,0,0,3
2013-10-28 19:58:00,14,2.5,2,6,7,0,0,0,2
2013-10-29 11:08:00,15,4,2,8,5,0,0,1,3
2013-10-29 20:38:00,14,3,1,5,8,1,0,0,2
2013-10-30 21:11:00,16,3,5,1,10,0,0,4,2
2013-10-31 20:14:00,14,3,2,4,0,0,0,1,2
2013-11-01 21:04:00,11,2.5,2,3,6,0,0,1,3
2013-11-02 12:37:00,11,2.5,0,6,5,0,1,0,2
2013-11-02 20:15:00,12,2,1,5,6,0,0,0,2
2013-11-03 09:58:00,11,2,1,3,7,0,0,0,2
2013-11-03 21:01:00,13,2,1,3,8,0,0,2,2
2013-11-04 12:07:00,12,3,2,4,7,0,1,0,2
2013-11-04 22:10:00,12,2,1,1,10,1,0,0,1
2013-11-05 10:34:00,12,2.5,1,2,0,0,2,0,2
2013-11-05 21:41:00,10,3,1,1,8,0,0,0,2
2013-11-06 10:27:00,10,2,0,3,7,0,0,0,2
2013-11-06 20:10:00,10,1.5,0,2,8,0,0,0,2
2013-11-07 09:44:00,8,1,0,3,4,0,3,0,3
2013-11-07 22:49:00,9,2,2,3,4,0,0,1,3
2013-11-08 12:11:00,9,2,0,3,6,0,0,0,2
2013-11-08 21:36:00,10,2.5,2,2,6,0,0,1,2
2013-11-09 13:09:00,8,2,1,1,5,0,2,0,2
2013-11-09 20:58:00,11,2,1,5,5,0,0,1,2
2013-11-10 11:34:00,11,3,1,1,9,0,0,0,2
2013-11-10 20:42:00,11,1.5,1,4,6,0,0,0,2
2013-11-11 12:16:00,13,5,2,1,0,0,0,2,3
2013-11-11 21:03:00,14,2.5,3,3,8,0,0,0,2
2013-11-12 10:50:00,12,3,2,3,7,0,3,0,2
2013-11-12 21:37:00,11,2,5,1,5,0,0,0,3
2013-11-13 12:17:00,11,4,5,0,5,1,2,0,2
2013-11-13 21:12:00,6,1.5,0,2,4,1,0,0,3
2013-11-14 10:50:00,6,2,0,2,4,0,0,0,2
2013-11-14 20:03:00,6,1,1,2,3,0,0,0,2
2013-11-15 10:46:00,6,1,0,1,8,0,1,4,2
2013-11-15 20:03:00,8,1,0,2,7,0,0,0,2
2013-11-16 10:08:00,7,1.5,0,1,6,0,1,0,3
2013-11-17 09:50:00,7,2,0,1,6,0,0,0,2
2013-11-17 20:12:00,0,1,0,2,5,0,0,0,2
2013-11-18 09:28:00,7,1.5,0,2,5,0,0,0,2
2013-11-18 20:22:00,7,1,0,0,7,1,0,0,1
2013-11-19 09:49:00,2,1.5,0,2,0,0,5,0,2
2013-11-19 19:02:00,3,0.5,0,1,2,0,0,0,1
2013-11-20 09:17:00,3,1.5,0,1,2,0,0,0,2
2013-11-20 21:08:00,3,1,0,1,2,0,0,0,1
2013-11-21 09:31:00,3,1,0,1,2,0,0,0,2
2013-11-21 19:50:00,5,1,0,3,2,0,0,0,2
2013-11-22 10:25:00,3,1.5,0,2,1,0,2,0,2
2013-11-23 09:00:00,4,1,0,1,3,0,0,0,2
2013-11-23 20:35:00,8,1.5,0,5,3,0,0,0,2
2013-11-24 10:33:00,8,2.5,1,3,4,0,0,0,3
2013-11-24 21:17:00,9,2.5,2,4,3,0,0,1,2
2013-11-25 10:27:00,9,2.5,1,3,5,0,0,0,2
2013-11-25 21:51:00,15,2.5,2,8,5,0,0,0,2
2013-11-26 12:09:00,13,3,1,3,9,1,1,0,2
2013-11-26 20:31:00,16,1.5,3,5,8,0,0,3,2
2013-11-27 12:37:00,12,3,2,5,5,0,2,0,2
2013-11-28 00:01:00,14,5,3,2,9,0,0,0,1
2013-11-28 10:53:00,14,2.5,2,2,10,0,0,0,2
2013-11-28 20:51:00,14,1.5,1,2,11,0,0,0,4
2013-11-29 11:50:00,14,4,1,3,10,0,3,0,2
2013-11-29 19:55:00,10,1,0,1,9,0,0,0,2
2013-11-30 09:55:00,11,1.5,1,0,10,0,0,0,2
2013-11-30 20:58:00,9,1.5,9,1,8,0,0,0,1
2013-12-01 10:34:00,9,1.5,0,1,8,0,1,0,2
2013-12-01 20:49:00,5,1,0,0,5,0,0,0,1
2013-12-02 09:07:00,4,1,0,0,3,0,1,0,2
2013-12-02 20:22:00,6,1.5,2,0,4,0,0,2,2
2013-12-03 10:15:00,6,2,1,1,4,0,0,0,3
2013-12-03 21:14:00,6,2,1,1,4,0,0,0,2
2013-12-04 09:33:00,5,1,0,1,4,1,1,0,2
2013-12-04 21:07:00,6,2,2,1,4,0,0,0,2
2013-12-05 09:36:00,7,1.5,0,2,5,0,0,0,2
2013-12-05 20:01:00,7,1,0,2,5,0,0,0,2
2013-12-06 11:42:00,4,0.5,0,2,3,0,1,0,2
2013-12-06 19:46:00,5,0.5,0,2,3,0,0,0,2
2013-12-07 10:09:00,5,0.5,0,0,5,0,0,0,2
2013-12-07 20:13:00,5,1,0,0,5,0,0,0,2
2013-12-08 08:40:00,5,0.5,0,0,5,0,0,0,2
2013-12-08 19:42:00,5,0.5,0,1,4,0,0,0,2
2013-12-09 19:32:00,5,0.5,0,1,4,0,0,0,2
2013-12-10 10:13:00,1,0.5,0,0,1,0,4,0,2
2013-12-12 19:53:00,2,1,1,1,0,0,0,2,2
2013-12-13 08:43:00,2,0.5,0,2,0,0,0,0,2
2013-12-13 19:56:00,2,0.5,0,2,0,0,0,0,1
2013-12-14 09:45:00,2,1,0,2,0,0,0,0,1
2013-12-14 19:43:00,3,1,0,2,1,0,0,0,2
2013-12-15 09:05:00,3,1,0,1,2,0,0,0,2
2013-12-15 19:50:00,3,1,0,1,2,0,0,0,2
2013-12-16 09:34:00,3,1.5,0,1,2,0,0,0,2
2013-12-16 19:51:00,4,1,0,2,2,0,0,1,1
2013-12-17 10:23:00,4,1,0,2,2,0,0,0,2
2013-12-17 19:39:00,5,0.5,0,3,2,0,0,0,2
2013-12-18 10:03:00,5,1,1,2,2,0,1,0,2
2013-12-18 19:31:00,5,1,1,3,1,0,0,1,2
2013-12-19 09:48:00,4,1.5,1,1,1,1,0,0,2
2013-12-19 19:57:00,5,1,1,1,3,0,0,0,2
2013-12-20 08:55:00,4,1,0,0,4,1,0,0,2
2013-12-20 20:48:00,5,2,0,1,4,0,0,0,1
2013-12-21 09:11:00,6,1,0,1,5,0,0,1,2
2013-12-21 19:49:00,5,0.5,0,0,5,0,1,0,2
2013-12-22 08:42:00,5,0.5,0,0,5,0,0,0,2
2013-12-22 19:50:00,5,1,0,0,5,0,0,0,2
2013-12-23 09:38:00,4,2,0,1,3,1,1,0,2
2013-12-23 20:34:00,5,1,0,1,4,0,0,1,1
2013-12-24 08:32:00,5,0.5,0,1,4,0,0,0,2
2013-12-24 20:13:00,4,1,0,0,4,0,0,0,2
2013-12-25 19:28:00,4,0.5,0,0,4,0,0,0,2
2013-12-26 08:34:00,4,0.5,0,0,4,0,0,0,2
2013-12-26 20:42:00,3,0.5,0,0,3,0,1,0,1
2013-12-27 08:49:00,3,0.5,0,0,3,0,0,0,1
2013-12-27 19:02:00,1,0.5,0,0,1,0,2,0,1
2013-12-28 10:22:00,1,0.5,0,0,1,0,1,0,2
2013-12-30 20:21:00,2,1.5,1,0,1,0,0,2,1
2013-12-31 10:01:00,1,0.5,0,0,1,1,0,0,1
2013-12-31 19:06:00,1,0.5,0,0,1,0,0,0,1
2014-01-01 08:41:00,1,0.5,0,0,1,0,0,0,1
2014-01-01 19:33:00,1,0.5,0,1,0,0,0,0,1
2014-01-02 08:59:00,1,0.5,0,1,0,0,0,0,1
2014-01-02 19:43:00,2,0.5,0,0,2,0,0,1,1
2014-01-03 12:09:00,2,0.5,0,1,1,0,0,0,1
2014-01-03 21:18:00,3,1,1,0,2,0,0,1,1
2014-01-04 09:34:00,3,1,0,1,2,0,0,0,1
2014-01-04 20:32:00,6,1.5,2,3,1,0,0,3,2
2014-01-05 12:59:00,8,3,0,6,0,0,0,2,2
2014-01-05 21:39:00,8,2,1,5,2,0,0,0,2
2014-01-06 10:42:00,8,2.5,2,3,3,0,0,0,3
2014-01-06 21:22:00,8,2,1,1,6,0,0,0,2
2014-01-07 10:36:00,8,2.5,1,1,6,0,0,0,2
2014-01-07 20:45:00,8,2,1,1,6,0,0,0,3
2014-01-08 09:18:00,8,1.5,0,0,8,0,2,0,2
2014-01-08 20:54:00,8,2,0,0,2,0,0,0,2
2014-01-09 10:55:00,8,2,0,2,6,0,1,0,2
2014-01-09 20:23:00,9,1.5,1,2,6,0,0,0,2
2014-01-10 12:46:00,7,3,1,2,4,0,2,0,1
2014-01-10 20:54:00,7,2,0,3,4,0,0,0,2
2014-01-11 09:45:00,7,1.5,0,3,4,0,0,0,2
2014-01-11 20:57:00,6,2,1,0,0,0,3,1,2
2014-01-12 10:21:00,5,1.5,1,2,2,0,1,0,2
2014-01-12 20:02:00,5,1,1,1,3,0,0,0,2
2014-01-13 11:25:00,5,1.5,0,2,3,0,0,0,2
2014-01-13 20:04:00,4,1,0,2,2,0,1,0,2
2014-01-14 09:47:00,4,2,0,2,2,0,0,0,2
2014-01-14 19:41:00,4,0.5,0,1,3,0,0,0,2
2014-01-15 10:47:00,3,1,0,2,1,0,0,0,2
2014-01-15 20:13:00,4,1.5,0,2,2,0,0,0,1
2014-01-16 10:05:00,4,2,0,0,2,0,1,0,2
2014-01-16 20:58:00,2,2,0,1,0,0,1,0,2
2014-01-17 08:42:00,2,0.5,0,1,1,0,0,0,2
2014-01-17 20:10:00,5,1,0,4,1,0,0,3,1
2014-01-18 10:03:00,5,2.5,0,3,1,0,0,0,2
2014-01-18 20:50:00,11,2,0,10,1,0,0,5,2
2014-01-19 10:55:00,11,0.5,0,10,1,0,0,0,2
2014-01-19 20:27:00,11,1.5,1,5,5,0,0,0,2
2014-01-20 12:44:00,6,3,2,2,0,2,3,0,2
2014-01-20 20:20:00,6,1.5,1,3,2,0,0,0,2
2014-01-21 10:03:00,6,2,1,1,4,0,0,0,2
2014-01-21 19:35:00,5,0.5,0,1,4,0,0,0,2
2014-01-22 11:50:00,5,1.5,0,0,4,0,0,0,1
2014-01-22 19:32:00,5,0.5,0,1,4,0,0,0,2
2014-01-23 09:42:00,5,1,0,0,5,0,0,0,2
2014-01-23 19:25:00,5,0.5,0,0,5,0,0,0,2
2014-01-24 12:28:00,0,1,0,0,0,0,5,0,2
2014-01-24 19:33:00,1,0.5,0,1,0,0,0,1,2
2014-01-25 09:13:00,1,1,1,0,0,0,0,0,1
2014-01-25 19:36:00,1,1,0,1,0,0,0,0,1
2014-01-26 08:50:00,1,0.5,0,0,1,0,0,0,1
2014-01-26 19:43:00,3,0.5,0,0,0,0,0,0,1
2014-01-27 09:42:00,3,0.5,0,1,2,0,0,0,2
2014-01-27 20:40:00,4,1,1,0,1,0,0,1,2
2014-01-28 10:24:00,9,1.5,1,1,7,0,2,0,2
2014-01-28 20:17:00,8,1,1,1,6,1,0,0,2
2014-01-29 10:10:00,6,1.5,0,2,4,0,2,0,2
2014-01-29 20:08:00,6,1,0,2,4,0,0,0,2
2014-01-30 09:15:00,3,1.5,0,2,1,0,3,0,2
2014-01-30 20:18:00,4,1.5,1,3,0,0,0,2,2
2014-01-31 09:31:00,4,1.5,1,2,1,0,0,0,2
2014-01-31 20:48:00,4,1.5,1,1,1,0,0,0,2
2014-02-01 11:20:00,3,3,1,2,0,0,1,0,3
2014-02-01 20:49:00,3,1.5,1,2,0,0,0,0,2
2014-02-02 10:09:00,3,2,1,2,0,0,0,0,2
2014-02-02 20:06:00,3,1,2,0,1,0,0,0,2
2014-02-03 21:49:00,7,2.5,3,3,1,0,0,0,2
2014-02-04 12:29:00,9,3.5,2,6,1,0,0,2,2
2014-02-04 21:21:00,10,2.5,2,3,0,0,0,0,2
2014-02-05 11:46:00,10,3,0,4,5,0,1,0,2
2014-02-05 21:45:00,14,3,1,8,5,0,0,3,2
2014-02-06 10:45:00,14,3.5,2,7,5,0,1,0,3
2014-02-06 20:27:00,11,2,1,4,6,0,3,0,2
2014-02-07 13:29:00,11,4,1,5,5,0,0,0,2
2014-02-07 21:51:00,10,3,0,4,6,0,1,0,2
2014-02-08 10:52:00,7,2.5,0,3,4,0,0,0,2
2014-02-08 19:47:00,7,1,0,3,4,0,0,0,2
2014-02-09 09:30:00,4,1.5,0,2,2,0,3,0,2
2014-02-09 21:07:00,7,2,0,2,0,0,0,0,1
2014-02-10 09:59:00,7,2,1,3,3,0,0,0,2
2014-02-10 19:50:00,8,1,1,3,4,0,0,0,2
2014-02-11 10:46:00,8,2,0,4,4,0,0,0,1
2014-02-11 20:18:00,7,1,0,2,5,0,1,0,2
2014-02-12 10:09:00,4,2,0,2,2,1,2,0,2
2014-02-12 19:58:00,4,1,2,0,3,0,0,0,2
2014-02-13 14:31:00,3,2,1,0,0,0,2,0,2
2014-02-13 20:07:00,2,1,2,0,0,0,0,0,3
2014-02-14 09:27:00,1,1,0,1,0,1,0,0,2
2014-02-14 20:46:00,2,1.5,1,1,0,0,0,1,4
2014-02-15 10:19:00,2,1,1,0,1,0,0,0,2
2014-02-15 19:37:00,2,1,1,0,1,0,0,0,2
2014-02-16 12:25:00,2,1,0,1,1,0,0,0,2
2014-02-16 19:58:00,2,1,0,1,1,0,0,0,2
2014-02-17 09:00:00,2,1,0,1,1,0,0,0,2
2014-02-17 19:57:00,2,1,0,1,1,0,0,0,2
2014-02-18 11:11:00,2,3.5,1,0,1,0,0,0,2
2014-02-18 19:57:00,2,1,0,1,1,0,0,0,2
2014-02-19 12:19:00,1,1.5,0,1,0,0,1,0,1
2014-02-19 20:23:00,2,1.5,0,0,0,0,0,0,1
2014-02-20 08:36:00,2,0.5,0,1,1,0,0,0,2
2014-02-20 19:55:00,2,1,0,1,1,0,0,0,2
2014-02-21 08:51:00,2,0.5,0,1,1,0,0,0,2
2014-02-21 20:01:00,2,1,1,0,1,0,0,0,2
2014-02-22 10:46:00,1,0.5,0,1,0,1,0,0,1
2014-02-22 20:12:00,1,1,1,0,0,0,0,0,1
2014-02-23 08:50:00,1,0.5,0,1,0,0,0,0,2
2014-02-23 20:02:00,1,1,1,0,0,0,0,0,1
2014-02-24 12:51:00,7,2,0,2,5,0,0,6,1
2014-02-24 20:09:00,10,1.5,1,3,6,0,0,0,2
2014-02-25 19:54:00,9,1,1,1,7,0,1,0,2
2014-02-26 10:56:00,10,2,0,2,8,0,0,1,2
2014-02-26 20:19:00,11,1.5,2,0,0,0,0,1,2
2014-02-27 12:05:00,11,3,2,0,9,0,0,0,1
2014-02-27 20:33:00,7,1.5,2,0,5,0,4,0,2
2014-02-28 10:32:00,7,1.5,0,1,3,1,2,0,2
2014-02-28 20:44:00,4,0.5,1,0,4,0,1,1,2
2014-03-01 09:50:00,4,1.5,1,0,3,0,0,0,2
2014-03-01 19:26:00,3,0.5,1,0,2,0,0,0,2
2014-03-02 08:54:00,3,0.5,1,0,2,0,0,0,2
2014-03-02 19:53:00,2,0.5,1,0,1,0,0,0,3
2014-03-03 09:16:00,2,1,1,1,0,0,0,0,1
2014-03-03 20:17:00,4,1,1,2,1,0,0,0,2
2014-03-04 10:09:00,4,2,1,2,1,0,0,0,2
2014-03-04 20:11:00,3,1,0,2,1,0,1,0,2
2014-03-05 09:44:00,2,1.5,0,2,0,0,1,0,2
2014-03-05 19:43:00,3,0.5,1,2,0,0,0,1,2
2014-03-06 09:40:00,3,1.5,1,2,0,0,0,0,2
2014-03-06 20:55:00,3,2,2,0,0,0,0,0,3
2014-03-07 13:31:00,4,2,2,1,1,0,0,1,2
2014-03-07 20:37:00,5,1.5,0,5,0,0,0,0,2
2014-03-08 09:50:00,5,2,2,2,1,0,0,0,2
2014-03-08 19:53:00,6,1,3,1,2,0,0,0,2
2014-03-09 09:43:00,6,2,0,3,3,0,0,0,2
2014-03-09 19:09:00,5,1.5,2,1,2,0,0,0,2
2014-03-10 09:02:00,5,2,1,3,1,0,0,0,1
2014-03-10 18:49:00,5,1,1,2,2,0,0,0,2
2014-03-11 08:25:00,4,1,1,1,0,0,1,0,2
2014-03-11 19:36:00,8,1.5,1,3,4,0,0,3,1
2014-03-12 19:29:00,8,1.5,0,7,1,1,0,0,2
2014-03-13 09:25:00,8,2,1,5,0,0,0,0,2
2014-03-13 19:11:00,9,1.5,0,6,3,0,0,0,2
2014-03-14 10:38:00,6,2,0,3,3,0,3,0,2
2014-03-14 19:54:00,6,2,1,1,4,0,0,0,1
2014-03-15 19:07:00,7,1,0,2,5,0,0,0,3
2014-03-16 08:30:00,0,1.5,0,2,5,0,0,0,3
2014-03-16 19:03:00,0,0.5,0,0,0,0,0,0,1
2014-03-17 12:18:00,5,1.5,0,3,2,0,4,0,1
2014-03-17 18:52:00,5,1,0,4,1,0,0,0,2
2014-03-18 08:56:00,5,1.5,0,4,0,0,0,0,2
2014-03-18 19:16:00,4,1,1,2,1,0,0,0,2
2014-03-19 10:07:00,4,2,2,1,0,0,0,0,2
2014-03-19 19:38:00,5,1.5,2,2,1,0,0,1,2
2014-03-20 10:37:00,4,1.5,0,1,2,1,0,0,2
2014-03-20 18:42:00,4,1,0,1,3,0,0,0,2
2014-03-21 11:02:00,6,2,1,2,3,0,0,1,2
2014-03-21 19:07:00,5,1,1,0,4,0,0,0,2
2014-03-22 08:58:00,5,1.5,1,0,4,0,0,0,2
2014-03-22 19:15:00,5,1,1,1,3,0,0,0,2
2014-03-23 08:07:00,5,1,0,2,4,0,0,0,2
2014-03-23 18:28:00,4,1,0,1,3,0,0,0,2
2014-03-24 09:20:00,4,1,0,1,2,0,0,0,2
2014-03-24 19:14:00,2,1,0,1,1,0,0,0,2
2014-03-25 07:54:00,2,1,0,0,2,0,1,0,2
2014-03-25 18:38:00,3,0.5,0,1,2,0,0,2,2
2014-03-26 11:12:00,4,1.5,1,1,2,0,0,1,1
2014-03-26 18:33:00,4,0.5,0,2,2,0,0,0,2
2014-03-27 09:06:00,4,2,2,1,1,0,0,0,2
2014-03-27 19:50:00,5,2,2,1,2,0,0,0,2
2014-03-28 13:08:00,3,2,1,1,1,1,1,0,1
2014-03-28 22:41:00,5,1.5,2,0,3,0,0,2,2
2014-03-29 09:28:00,5,2,1,1,2,0,0,0,2
2014-03-29 19:26:00,12,1.5,1,2,9,0,0,7,2
2014-03-30 09:02:00,12,1.5,2,0,9,0,0,0,3
2014-03-30 20:04:00,11,2,1,4,6,1,0,0,2
2014-03-31 10:02:00,11,3,1,3,6,0,1,0,3
2014-03-31 20:39:00,11,2.5,3,3,0,0,0,0,2
2014-04-01 09:37:00,7,2,0,3,4,0,4,0,2
2014-04-01 20:32:00,8,2.5,0,0,0,0,0,0,2
2014-04-02 10:27:00,9,3,1,5,3,0,0,1,2
2014-04-02 19:47:00,9,1.5,1,3,5,1,0,0,3
2014-04-03 11:38:00,10,3,2,5,3,0,0,1,2
2014-04-03 20:09:00,9,2,2,3,4,0,0,0,2
2014-04-04 10:04:00,6,2.5,1,2,3,1,3,0,3
2014-04-04 20:45:00,7,2,1,2,4,0,0,1,2
2014-04-05 10:10:00,8,3,1,3,4,1,0,0,2
2014-04-05 19:28:00,8,1.5,0,3,5,1,0,1,2
2014-04-06 10:50:00,8,2,0,0,0,0,0,0,2
2014-04-06 20:53:00,11,2,0,5,6,0,0,0,2
2014-04-07 11:24:00,11,3.5,3,2,6,0,0,0,2
2014-04-07 20:54:00,12,2,0,5,7,0,0,0,2
2014-04-08 10:52:00,16,2.5,0,5,11,0,1,2,2
2014-04-08 21:23:00,16,2,2,4,10,0,0,0,2
2014-04-09 14:22:00,16,3.5,0,9,7,0,0,0,2
2014-04-09 20:54:00,17,2,2,3,12,0,0,1,2
2014-04-10 13:26:00,11,5,0,6,5,0,6,0,3
2014-04-10 21:12:00,11,2,1,7,3,0,0,0,3
2014-04-11 11:42:00,11,1.5,0,3,8,0,0,0,3
2014-04-11 20:24:00,11,1.5,0,5,6,0,0,0,2
2014-04-12 10:15:00,11,1,0,0,0,0,0,0,2
2014-04-12 20:06:00,11,0.5,0,4,7,0,0,1,1
2014-04-13 10:45:00,11,2,0,2,9,0,0,0,2
2014-04-13 21:12:00,14,2,0,2,12,0,0,0,2
2014-04-14 12:16:00,15,3.5,0,2,13,0,1,1,2
2014-04-14 21:30:00,15,2.5,1,3,11,0,0,0,2
2014-04-15 11:25:00,12,3,1,4,7,0,4,0,2
2014-04-15 21:11:00,12,2,1,8,3,0,0,0,3
2014-04-16 13:33:00,11,3,2,2,7,0,0,0,1
2014-04-16 20:41:00,12,1.5,3,0,9,0,0,0,2
2014-04-17 10:25:00,11,1.5,2,0,9,1,0,0,2
2014-04-17 20:45:00,12,1.5,0,4,8,0,0,0,2
2014-04-18 11:50:00,11,2.5,0,4,7,1,0,0,2
2014-04-18 19:44:00,13,1.5,1,4,8,0,0,0,2
2014-04-19 10:38:00,10,2,1,3,6,0,3,0,2
2014-04-19 21:27:00,14,2.5,3,3,8,0,0,0,2
2014-04-20 12:27:00,15,3.5,2,4,8,0,2,2,2
2014-04-20 20:55:00,14,2,3,6,5,0,0,0,2
2014-04-21 12:33:00,14,3.5,1,7,6,0,2,0,3
2014-04-21 21:14:00,13,1.5,2,5,6,0,0,0,2
2014-04-22 09:33:00,12,1.5,4,3,5,0,1,0,3
2014-04-22 20:08:00,12,1.5,2,3,7,0,0,0,3
2014-04-23 10:06:00,9,1.5,1,3,6,1,1,0,3
2014-04-23 20:17:00,11,1,2,1,8,0,0,3,3
2014-04-24 11:09:00,9,3,2,3,4,0,2,0,3
2014-04-24 20:20:00,11,1,2,1,7,0,0,0,2
2014-04-25 13:06:00,11,3,0,3,7,0,1,0,2
2014-04-25 21:43:00,11,2.5,0,6,5,0,0,0,2
2014-04-26 11:16:00,11,2.5,2,2,7,0,1,0,2
2014-04-26 20:50:00,12,1.5,1,4,7,0,0,0,2
2014-04-27 11:05:00,12,2,3,4,6,0,1,0,2
2014-04-27 22:02:00,14,1.5,0,6,8,0,0,0,2
2014-04-28 11:29:00,10,3,0,6,4,0,4,1,2
2014-04-28 21:44:00,12,2.5,2,5,5,0,0,0,2
2014-04-29 11:20:00,12,3,1,6,5,0,0,0,2
2014-04-29 21:27:00,12,2.5,4,2,6,0,0,1,2
2014-04-30 22:29:00,12,3,4,1,7,0,0,0,2
2014-05-01 11:55:00,12,4,2,2,8,0,1,1,2
2014-05-01 22:06:00,12,3,2,1,9,0,0,0,1
2014-05-02 11:57:00,10,3,1,1,8,1,0,0,3
2014-05-02 22:47:00,12,4,2,5,5,0,0,3,2
2014-05-03 10:51:00,12,0.5,2,5,5,0,0,0,2
2014-05-03 21:22:00,14,2.5,4,5,5,0,0,0,2
2014-05-04 11:06:00,13,2.5,4,2,7,0,1,0,2
2014-05-04 22:57:00,12,3,1,4,7,0,0,0,2
2014-05-05 11:15:00,9,2.5,2,3,4,1,2,0,2
2014-05-05 21:53:00,9,2.5,2,2,5,0,0,0,2
2014-05-06 11:09:00,8,2.5,2,2,4,0,2,1,2
2014-05-06 21:23:00,8,2.5,1,3,4,0,0,0,4
2014-05-07 14:12:00,6,3,0,3,2,0,4,1,2
2014-05-08 12:57:00,10,4,2,7,1,0,1,1,2
2014-05-08 22:41:00,11,3.5,1,0,0,0,0,0,2
2014-05-09 13:49:00,12,3,0,10,3,0,0,2,2
2014-05-09 22:20:00,22,3,3,8,3,0,0,10,2
2014-05-10 11:43:00,22,3.5,0,13,9,1,0,0,3
2014-05-10 21:39:00,22,3.5,0,20,2,0,0,0,3
2014-05-11 13:15:00,22,5,1,13,8,0,0,0,2
2014-05-11 21:45:00,23,3.5,1,14,8,0,0,0,3
2014-05-12 11:34:00,23,4,0,6,0,0,0,0,3
2014-05-12 21:37:00,22,2.5,2,12,8,1,0,0,2
2014-05-13 14:26:00,20,4,2,8,10,0,2,2,2
2014-05-13 21:18:00,23,2.5,2,3,18,0,0,0,3
2014-05-14 14:11:00,20,3,0,6,14,0,3,0,3
2014-05-14 21:11:00,21,2,0,0,0,0,0,1,2
2014-05-15 11:35:00,21,3.5,1,5,15,0,8,0,3
2014-05-15 21:11:00,13,2,2,4,7,0,0,1,2
2014-05-16 14:04:00,12,2.5,1,5,6,1,0,1,2
2014-05-17 11:09:00,13,3,1,2,10,0,0,0,3
2014-05-17 21:46:00,17,3,2,9,6,0,0,0,2
2014-05-18 11:32:00,17,3,2,6,9,0,0,0,2
2014-05-18 22:20:00,14,3,1,7,6,0,0,0,2
2014-05-19 13:13:00,14,4.5,2,4,8,0,2,0,3
2014-05-19 21:03:00,13,2.5,4,3,4,0,0,1,2
2014-05-20 12:03:00,13,3.5,3,2,8,0,0,0,2
2014-05-20 20:49:00,12,2,2,2,8,1,0,2,3
2014-05-21 15:06:00,8,2.5,2,3,3,0,5,0,3
2014-05-21 21:33:00,8,2,2,2,4,0,0,0,1
2014-05-22 14:56:00,11,3,3,6,2,0,0,3,2
2014-05-22 21:00:00,10,2,4,4,2,0,0,0,2
2014-05-23 14:40:00,11,2.5,1,5,5,0,1,2,2
2014-05-23 23:43:00,13,4.5,5,3,5,0,0,1,2
2014-05-24 12:28:00,12,4,3,4,5,0,1,0,2
2014-05-24 21:37:00,15,3,3,7,5,0,0,1,2
2014-05-25 12:22:00,15,4,4,3,10,1,0,0,2
2014-05-25 21:54:00,15,2.5,4,2,9,0,0,0,2
2014-05-26 12:18:00,12,4,3,5,4,0,2,0,3
2014-05-26 22:50:00,14,3,6,3,5,0,0,1,2
2014-05-27 12:31:00,14,4.5,4,5,5,0,0,0,2
2014-05-27 20:30:00,15,2.5,1,7,7,0,0,1,2
2014-05-28 16:03:00,14,5,1,8,5,0,3,2,3
2014-05-30 11:47:00,14,2.5,0,7,7,0,0,0,2
2014-05-30 22:28:00,17,4,0,9,8,0,0,8,4
2014-05-31 14:31:00,19,5,1,8,11,0,0,2,1
2014-05-31 21:41:00,21,2.5,2,8,11,0,0,3,2
2014-06-01 11:45:00,21,3.5,4,8,9,0,0,0,2
2014-06-02 13:45:00,20,6,4,0,0,0,3,3,3
2014-06-03 11:27:00,15,3,1,5,9,0,5,0,2
2014-06-04 11:29:00,15,2,0,2,13,0,1,0,3
2014-06-04 19:53:00,15,1.5,2,1,12,0,0,0,3
2014-06-05 10:24:00,15,2.5,1,2,12,0,0,0,2
2014-06-05 22:04:00,16,2.5,1,2,13,0,0,0,4
2014-06-06 15:16:00,7,2.5,0,2,5,1,9,0,2
2014-06-06 20:30:00,8,1.5,0,2,6,0,0,1,2
2014-06-07 09:32:00,8,1.5,0,4,4,0,0,0,2
2014-06-07 20:23:00,10,2.5,1,3,6,0,0,0,2
2014-06-08 09:58:00,10,2,0,3,7,0,0,0,2
2014-06-08 22:13:00,10,2,2,5,3,0,0,0,2
2014-06-09 11:00:00,10,2.5,2,5,3,0,1,0,3
2014-06-09 22:14:00,14,3,2,6,6,0,0,0,2
2014-06-10 10:58:00,12,2.5,1,5,6,1,1,0,2
2014-06-10 21:35:00,15,2.5,2,8,5,0,0,0,3
2014-06-11 12:39:00,14,2.5,0,4,10,0,1,0,4
2014-06-11 21:37:00,15,2,0,3,12,0,0,1,3
2014-06-12 12:58:00,15,3,1,5,9,0,0,0,2
2014-06-13 22:14:00,22,3,1,11,10,0,0,0,3
2014-06-14 11:26:00,23,3,0,12,11,0,0,0,3
2014-06-14 21:52:00,22,3,2,11,10,0,2,0,2
2014-06-15 11:40:00,8,3.5,1,7,9,2,3,0,3
2014-06-15 20:54:00,16,2,2,7,8,0,0,0,4
2014-06-16 15:36:00,14,8,1,0,7,2,4,2,3
2014-06-16 22:04:00,14,1,1,7,6,0,0,0,2
2014-06-17 11:17:00,14,2.5,0,6,8,0,0,0,3
2014-06-17 21:56:00,15,3,3,6,6,0,0,2,3
2014-06-18 12:15:00,13,2,1,3,9,0,3,0,4
2014-06-18 21:34:00,14,2.5,3,1,10,0,0,1,2
2014-06-19 10:25:00,12,2,1,1,12,0,2,0,3
2014-06-19 22:34:00,13,3.5,1,4,8,0,0,0,2
2014-06-20 10:27:00,12,2.5,2,2,9,0,1,0,2
2014-06-20 20:54:00,12,2.5,1,3,9,0,0,1,2
2014-06-21 11:06:00,11,2.5,0,4,7,0,2,0,2
2014-06-21 23:29:00,16,4,6,3,7,0,0,4,2
2014-06-22 12:00:00,16,4.5,3,2,10,1,4,0,2
2014-06-22 21:33:00,16,1.5,2,6,8,0,0,0,2
2014-06-23 12:32:00,13,3,1,6,6,1,2,0,2
2014-06-23 22:19:00,14,3,1,9,4,0,0,1,2
2014-06-24 13:00:00,15,4,2,8,0,0,1,2,2
2014-06-24 22:24:00,15,3.5,0,12,3,0,0,0,2
2014-06-25 14:30:00,16,3,1,9,6,0,1,2,2
2014-06-25 21:27:00,16,2.5,2,7,7,0,NA,0,2
2014-06-26 13:18:00,15,3,0,9,6,0,NA,1,2
2014-06-26 22:16:00,16,3,4,7,5,0,NA,1,2
2014-06-27 16:13:00,14,3,0,10,3,1,NA,1,4
2014-06-27 22:03:00,14,3,2,7,5,0,NA,0,2
2014-06-28 14:19:00,22,4.5,5,6,0,0,NA,8,5
2014-06-28 23:40:00,23,2.5,4,11,8,0,NA,0,4
2014-06-29 12:28:00,20,4,2,8,10,1,NA,0,3
2014-06-29 23:40:00,23,3.5,2,9,12,0,NA,4,3
2014-06-30 23:34:00,24,4.5,0,17,7,0,NA,5,2
2014-07-01 14:16:00,26,4.5,0,8,18,0,NA,2,2
2014-07-01 21:11:00,24,2.5,0,12,12,0,NA,0,4
2014-07-02 15:10:00,20,3,1,9,10,1,NA,2,3
2014-07-02 22:09:00,20,3,3,1,16,0,NA,1,2
2014-07-03 11:41:00,20,3,1,7,12,0,NA,0,3
2014-07-03 22:03:00,19,3,1,10,8,0,NA,2,2
2014-07-04 11:40:00,19,2,1,7,11,0,NA,0,3
2014-07-04 22:16:00,19,3,3,7,9,0,NA,0,2
2014-07-05 12:31:00,18,3,2,1,14,1,NA,1,2
2014-07-05 21:59:00,12,3,1,5,6,0,NA,0,2
2014-07-06 11:05:00,12,3,1,5,6,0,NA,0,2
2014-07-06 20:53:00,12,2,2,6,4,0,NA,1,2
2014-07-07 11:16:00,9,2.5,2,4,0,0,NA,0,2
2014-07-07 21:44:00,11,2.5,1,8,2,0,NA,1,2
2014-07-08 13:00:00,12,3.5,4,6,5,0,NA,1,1
2014-07-08 20:19:00,12,1.5,1,5,6,0,NA,2,3
2014-07-09 11:09:00,11,2.5,1,5,5,0,NA,0,2
2014-07-09 20:19:00,11,1,1,3,7,0,NA,0,3
2014-07-10 12:53:00,10,2,0,3,7,0,NA,0,3
2014-07-11 10:29:00,10,1,0,4,6,0,NA,0,4
2014-07-11 21:03:00,10,2,1,4,5,0,NA,0,2
2014-07-12 10:26:00,10,2,0,5,5,0,NA,0,2
2014-07-12 20:36:00,12,1,1,6,5,0,NA,2,2
2014-07-13 13:09:00,7,5,1,3,4,0,NA,0,2
2014-07-13 20:57:00,9,2,0,4,5,0,NA,0,2
2014-07-14 11:53:00,8,2.5,0,6,2,0,NA,0,2
2014-07-14 21:03:00,0,2,2,1,5,0,NA,0,3
2014-07-15 13:34:00,8,3.5,0,0,0,0,NA,0,1
2014-07-15 20:01:00,8,1.5,2,2,4,0,NA,0,2
2014-07-16 11:10:00,6,3,0,3,3,2,NA,0,2
2014-07-16 20:25:00,8,1.5,0,1,7,0,NA,1,2
2014-07-17 12:18:00,12,3,0,3,5,0,NA,0,2
2014-07-17 22:36:00,8,3,0,3,5,0,NA,0,2
2014-07-18 13:10:00,6,2.5,0,3,3,NA,NA,0,2
2014-07-18 23:22:00,26,4.5,1,17,8,0,NA,6,2
2014-07-19 12:32:00,12,4,2,3,7,0,NA,0,3
2014-07-19 21:10:00,11,3,1,3,7,0,NA,0,3
2014-07-20 12:18:00,0,0.5,1,2,7,0,NA,0,3
2014-07-20 20:32:00,10,1.5,1,2,7,0,NA,0,4
2014-07-21 21:23:00,11,2,2,5,4,0,NA,0,2
2014-07-22 12:20:00,10,2,0,8,2,0,NA,1,3
2014-07-22 20:26:00,10,1.5,2,3,5,0,NA,0,3
2014-07-23 12:17:00,7,2.5,0,5,2,1,NA,0,2
2014-07-23 20:52:00,7,2,1,3,2,0,NA,0,3
2014-07-24 10:28:00,7,2,0,5,2,0,NA,0,2
2014-07-24 21:03:00,8,2,0,6,2,0,NA,1,2
2014-07-25 11:31:00,5,3,0,5,0,0,NA,0,2
2014-07-25 20:45:00,5,1.5,2,3,0,0,NA,0,2
2014-07-26 10:07:00,5,2,2,2,1,0,NA,0,2
2014-07-26 20:56:00,6,1.5,1,5,0,0,NA,1,2
2014-07-27 10:18:00,6,2.5,0,4,2,0,NA,0,2
2014-07-27 21:17:00,7,1.5,0,5,2,0,NA,1,2
2014-07-28 14:17:00,6,1.5,0,4,2,0,NA,0,2
2014-07-28 21:45:00,8,2.5,3,2,3,0,NA,2,2
2014-07-29 09:37:00,8,1.5,0,4,3,0,NA,0,3
2014-07-29 20:33:00,9,2.5,1,7,1,0,NA,3,2
2014-07-30 13:30:00,7,3,0,6,2,1,NA,0,2
2014-07-30 21:21:00,11,2,0,5,6,0,NA,3,2
2014-07-31 12:45:00,11,3,0,8,3,0,NA,0,2
2014-07-31 22:56:00,17,2,0,7,10,0,NA,0,2
2014-08-01 13:19:00,17,3.5,1,7,0,0,NA,0,2
2014-08-01 21:07:00,16,2.5,2,6,7,1,NA,0,2
2014-08-02 13:49:00,15,4,2,10,3,0,NA,0,2
2014-08-02 21:12:00,15,3,2,7,6,0,NA,0,2
2014-08-03 11:57:00,15,3,0,8,7,0,NA,0,3
2014-08-03 20:27:00,13,2,0,5,8,0,NA,0,4
2014-08-04 12:32:00,12,0.5,0,0,0,0,NA,1,3
2014-08-04 21:37:00,11,2.5,3,5,3,0,NA,0,2
2014-08-05 20:59:00,9,2,0,0,0,0,NA,0,2
2014-08-06 13:38:00,9,3,9,6,2,0,NA,0,3
2014-08-07 12:43:00,8,4,1,3,5,0,NA,0,2
2014-08-07 22:11:00,8,2.5,0,0,0,0,NA,0,2
2014-08-08 21:14:00,6,2,0,4,2,0,NA,0,2
2014-08-09 10:57:00,6,2,0,4,2,0,NA,0,2
2014-08-09 20:15:00,7,1,1,1,5,0,NA,2,2
2014-08-10 12:02:00,6,4,1,5,0,0,NA,0,2
2014-08-10 21:15:00,7,2,1,4,2,0,NA,1,2
2014-08-11 14:35:00,5,1.5,3,0,2,0,NA,0,2
2014-08-11 20:40:00,6,1.5,1,4,1,0,NA,0,2
2014-08-12 10:45:00,5,2,0,2,3,0,NA,0,2
2014-08-12 20:28:00,5,1,0,3,2,0,NA,0,2
2014-08-13 11:05:00,4,2,0,2,2,0,NA,0,2
2014-08-13 20:33:00,5,1.5,0,2,3,0,NA,1,2
2014-08-14 10:39:00,5,2,0,2,4,0,NA,0,2
2014-08-14 22:46:00,5,1.5,0,1,4,0,NA,0,3
2014-08-15 11:09:00,6,1,0,1,5,0,NA,0,2
2014-08-15 19:40:00,6,0.5,0,1,5,0,NA,0,2
2014-08-16 09:46:00,6,1,0,1,5,0,NA,0,2
2014-08-16 20:19:00,5,1,0,3,2,0,NA,0,2
2014-08-17 09:14:00,5,1,0,3,2,0,NA,0,2
2014-08-17 20:31:00,5,1,0,3,2,0,NA,0,2
2014-08-18 08:57:00,5,1,0,3,2,0,NA,0,2
2014-08-18 20:07:00,8,1,1,7,1,0,NA,6,2
2014-08-19 10:51:00,9,2.5,0,4,5,0,NA,0,2
2014-08-19 20:51:00,9,1.5,1,5,3,0,NA,0,2
2014-08-20 10:01:00,9,2,1,5,3,0,NA,0,2
2014-08-20 21:00:00,9,2,0,3,6,0,NA,0,2
2014-08-21 10:45:00,9,2,1,5,3,0,NA,0,2
2014-08-21 20:24:00,9,1,0,3,6,0,NA,0,2
2014-08-22 12:20:00,9,3.5,0,3,6,0,NA,0,2
2014-08-22 21:22:00,9,1.5,1,2,7,0,NA,1,2
2014-08-23 12:30:00,3,4.5,1,1,1,0,NA,0,2
2014-08-23 20:42:00,4,1.5,0,3,1,0,NA,0,2
2014-08-24 11:39:00,3,3,1,2,0,0,NA,0,2
2014-08-24 21:14:00,3,1.5,0,3,0,0,NA,0,2
2014-08-25 11:36:00,3,1.5,1,0,0,0,NA,0,3
2014-08-25 20:28:00,3,1,1,0,0,0,NA,0,5
2014-08-26 09:39:00,3,1.5,0,0,0,0,NA,0,2
2014-08-26 20:07:00,3,1,1,1,1,0,NA,0,6
2014-08-27 13:04:00,3,2.5,1,0,2,0,NA,0,1
2014-08-27 20:15:00,3,1.5,1,0,2,0,NA,0,2
2014-08-28 10:10:00,1,1.5,0,0,1,0,NA,0,1
2014-08-28 20:03:00,2,1,1,0,1,0,NA,0,2
2014-08-29 09:36:00,1,1,0,1,0,0,NA,0,2
2014-08-29 19:42:00,2,0.5,0,1,1,0,NA,1,2
2014-08-30 09:42:00,2,1,0,1,0,0,NA,0,2
2014-08-30 19:32:00,2,0.5,0,1,1,0,NA,0,2
2014-08-31 09:19:00,2,1,0,1,1,0,NA,0,2
2014-08-31 21:34:00,2,1,1,0,0,0,NA,0,3
2014-09-01 09:17:00,1,1,3,0,0,0,NA,0,1
2014-09-01 19:54:00,1,0.5,0,1,0,0,NA,0,2
2014-09-02 09:26:00,1,1,0,1,0,0,NA,0,1
2014-09-02 19:12:00,1,0.5,0,1,0,0,NA,0,1
2014-09-03 08:30:00,1,0.5,0,0,1,0,NA,0,1
2014-09-03 20:44:00,2,0.5,0,1,1,0,NA,1,3
2014-09-04 08:44:00,2,0.5,1,0,1,0,NA,0,2
2014-09-04 19:10:00,5,1,1,0,4,0,NA,3,2
2014-09-05 10:04:00,5,1.5,1,2,2,0,NA,0,2
2014-09-05 20:05:00,5,1,1,0,4,0,NA,0,2
2014-09-06 09:43:00,5,1,1,0,4,0,NA,0,2
2014-09-06 21:00:00,6,1.5,0,2,4,0,NA,1,2
2014-09-07 10:35:00,6,3,1,1,4,0,NA,0,2
2014-09-07 22:41:00,6,1.5,2,1,0,0,NA,0,2
2014-09-08 10:39:00,2,2,1,1,0,0,NA,0,2
2014-09-08 20:40:00,2,0.5,0,2,0,0,NA,1,2
2014-09-09 10:21:00,2,0.5,0,2,0,0,NA,0,2
2014-09-09 19:28:00,2,0.5,1,1,0,0,NA,0,2
2014-09-10 09:51:00,2,0.5,0,0,0,0,NA,0,2
2014-09-10 21:25:00,2,0.5,0,0,1,0,NA,0,2
2014-09-11 08:28:00,2,0.5,0,1,1,0,NA,0,2
2014-09-11 19:36:00,4,0.5,0,2,2,0,NA,0,2
2014-09-12 09:30:00,4,1,0,2,0,0,NA,0,2
2014-09-12 20:40:00,4,1,0,2,2,0,NA,0,1
2014-09-13 11:19:00,3,1.5,0,2,1,0,NA,0,2
2014-09-13 21:21:00,3,2,2,0,1,0,NA,0,3
2014-09-14 09:00:00,2,1,0,1,1,1,NA,0,2
2014-09-14 20:12:00,1,1,0,1,0,0,NA,0,1
2014-09-15 08:58:00,1,0.5,0,1,0,0,NA,0,2
2014-09-15 19:47:00,1,0.5,0,1,0,0,NA,0,2
2014-09-16 08:58:00,1,1,0,1,0,0,NA,0,2
2014-09-16 19:09:00,2,0.5,0,1,1,0,NA,1,1
2014-09-17 09:05:00,2,0.5,0,0,2,0,NA,0,3
2014-09-17 20:06:00,5,0.5,0,2,3,0,NA,3,2
2014-09-18 09:03:00,5,1,0,1,4,0,NA,0,2
2014-09-18 21:09:00,6,2,1,1,4,0,NA,1,2
2014-09-19 09:31:00,6,1,0,2,4,0,NA,0,2
2014-09-19 19:49:00,6,0.5,0,1,4,0,NA,0,2
2014-09-20 09:13:00,6,1,0,2,4,0,NA,0,2
2014-09-20 20:10:00,3,0.5,0,2,1,0,NA,0,2
2014-09-21 09:35:00,3,1.5,0,2,1,0,NA,0,2
2014-09-21 20:33:00,3,1,0,2,0,0,NA,0,2
2014-09-22 10:32:00,3,1,1,1,1,0,NA,0,2
2014-09-22 20:24:00,3,0.5,1,0,0,0,NA,0,2
2014-09-23 19:32:00,2,0.5,1,0,1,0,NA,0,3
2014-09-24 10:52:00,2,1,0,1,1,0,NA,0,2
2014-09-24 20:56:00,2,1.5,0,1,1,0,NA,NA,2
2014-09-25 10:33:00,2,1.5,0,1,1,NA,NA,NA,2
2014-09-25 21:55:00,3,2.5,1,1,1,0,NA,1,2
2014-09-26 11:07:00,3,2,0,2,1,0,NA,NA,1
2014-09-26 19:56:00,3,1,1,1,1,0,NA,NA,2
2014-09-27 09:44:00,3,1,0,1,2,0,NA,NA,2
2014-09-27 19:41:00,2,1,1,0,1,0,NA,0,2
2014-09-28 10:03:00,2,1,0,1,1,0,NA,NA,2
2014-09-28 20:56:00,3,1.5,1,1,1,0,NA,1,3
2014-09-29 10:36:00,3,2.5,2,0,1,0,NA,NA,2
2014-09-30 10:09:00,3,2,2,0,1,0,NA,NA,2
2014-09-30 20:45:00,2,1.5,1,1,0,0,NA,NA,2
2014-10-01 09:20:00,2,1,0,2,0,0,NA,NA,2
2014-10-02 09:19:00,2,1,0,2,0,0,NA,NA,2
2014-10-02 19:46:00,2,0.5,0,1,1,0,NA,NA,2
2014-10-03 09:04:00,2,0.5,0,1,1,0,NA,NA,2
2014-10-03 19:20:00,3,1,0,2,1,0,NA,1,2
2014-10-04 09:53:00,3,1,0,1,2,0,NA,NA,2
2014-10-04 20:11:00,3,1,0,1,2,0,NA,NA,1
2014-10-05 08:53:00,3,0.5,0,0,3,0,NA,0,2
2014-10-05 20:11:00,6,1.5,1,2,3,0,NA,3,2
2014-10-06 10:03:00,5,1.5,0,2,2,0,NA,NA,3
2014-10-06 20:22:00,5,1.5,0,2,3,0,NA,NA,2
2014-10-07 09:58:00,5,1,1,1,3,0,NA,NA,3
2014-10-07 19:30:00,5,1,1,0,4,0,NA,0,2
2014-10-08 09:24:00,5,1.5,0,1,4,0,NA,0,2
2014-10-08 20:21:00,5,1,0,0,5,0,NA,NA,1
2014-10-09 08:52:00,5,1,0,0,5,0,NA,NA,2
2014-10-09 21:19:00,6,2,2,0,4,0,NA,1,2
2014-10-10 10:12:00,4,2.5,1,1,2,0,NA,0,2
2014-10-10 21:09:00,5,1.5,1,1,3,0,NA,NA,2
2014-10-11 10:03:00,3,1,0,2,1,0,NA,NA,3
2014-10-11 21:22:00,4,2,1,1,2,0,NA,1,2
2014-10-12 09:59:00,3,1.5,1,1,1,0,NA,NA,2
2014-10-12 20:08:00,3,1.5,0,2,1,0,NA,NA,2
2014-10-13 09:18:00,3,1.5,1,1,1,0,NA,NA,2
2014-10-13 22:13:00,2,3,1,2,0,0,NA,NA,2
2014-10-14 09:54:00,3,2,0,1,2,0,NA,NA,2
2014-10-14 20:03:00,3,1,0,2,1,0,NA,NA,2
2014-10-15 09:57:00,3,2,0,0,3,0,NA,NA,2
2014-10-15 21:25:00,3,2,0,1,2,0,NA,NA,2
2014-10-16 10:26:00,4,2,0,1,3,0,NA,NA,2
2014-10-16 21:20:00,3,1.5,3,2,2,0,NA,NA,2
2014-10-17 09:27:00,3,1,0,1,2,0,NA,NA,2
2014-10-17 20:38:00,3,1.5,1,0,2,0,NA,NA,2
2014-10-18 09:33:00,3,1,0,1,2,0,NA,0,2
2014-10-18 19:59:00,3,1,0,1,2,0,NA,NA,2
2014-10-19 09:31:00,3,1.5,0,0,3,0,NA,0,2
2014-10-19 19:27:00,1,0.5,0,0,1,0,NA,0,2
2014-10-20 09:31:00,1,0.5,0,0,1,0,NA,NA,1
2014-10-20 18:57:00,1,0.5,0,0,1,0,NA,NA,1
2014-10-21 10:08:00,1,0.5,0,0,1,0,NA,NA,2
2014-10-21 18:59:00,1,0.5,0,0,1,0,NA,NA,1
2014-10-22 08:15:00,1,0.5,0,0,1,0,NA,NA,1
2014-10-22 19:07:00,1,0.5,0,0,1,0,NA,NA,1
2014-10-23 08:39:00,1,0.5,0,0,0,0,NA,NA,1
2014-10-23 21:22:00,3,2,3,0,0,0,NA,3,1
2014-10-24 09:38:00,3,1,2,1,0,0,NA,0,2
2014-10-24 20:43:00,5,1.5,0,4,1,0,NA,2,2
2014-10-25 12:39:00,5,3,1,4,0,0,NA,NA,2
2014-10-25 20:51:00,5,2,1,3,1,0,NA,0,2
2014-10-26 09:33:00,4,2.5,1,2,1,1,NA,NA,2
2014-10-26 19:49:00,4,1.5,2,1,0,0,NA,NA,2
2014-10-27 08:00:00,4,1,0,3,1,0,NA,NA,2
2014-10-27 20:25:00,5,1.5,0,4,1,0,NA,1,2
2014-10-28 09:04:00,4,1,0,2,2,0,NA,NA,3
2014-10-28 19:18:00,4,1,1,1,2,0,NA,0,2
2014-10-29 08:25:00,4,1,1,0,3,0,NA,NA,2
2014-10-29 19:00:00,5,1,1,2,2,2,NA,2,2
2014-10-30 08:44:00,5,1.5,0,1,4,0,NA,NA,2
2014-10-30 19:49:00,5,1,0,2,3,0,NA,NA,2
2014-10-31 08:23:00,5,1.5,0,2,3,0,NA,NA,2
2014-10-31 18:54:00,4,1,0,2,2,0,NA,NA,2
2014-11-01 08:55:00,4,1.5,0,1,3,0,NA,NA,2
2014-11-01 18:54:00,2,0.5,0,1,1,0,NA,NA,2
2014-11-02 09:07:00,2,0.5,0,0,2,0,NA,NA,1
2014-11-02 19:43:00,2,0.5,0,0,2,0,NA,NA,1
2014-11-03 08:35:00,2,0.5,0,0,2,0,NA,NA,2
2014-11-03 18:35:00,1,0.5,0,0,1,0,NA,NA,1
2014-11-04 08:47:00,0,0.5,0,0,0,0,NA,NA,1
2014-11-08 19:11:00,1,0.5,0,1,0,0,NA,1,1
2014-11-09 09:00:00,1,1,0,1,0,0,NA,NA,2
2014-11-09 20:10:00,3,1,1,2,0,0,NA,2,2
2014-11-10 09:54:00,3,1.5,0,3,0,0,NA,NA,2
2014-11-10 20:40:00,3,1.5,0,3,0,0,NA,NA,2
2014-11-11 10:39:00,3,2,1,2,0,0,NA,NA,2
2014-11-11 19:29:00,3,1,0,2,1,0,NA,0,2
2014-11-12 09:38:00,2,1,0,1,1,1,NA,NA,2
2014-11-12 23:28:00,5,2,1,3,1,0,NA,3,1
2014-11-13 09:30:00,5,1.5,0,3,2,0,NA,NA,2
2014-11-13 20:08:00,5,1.5,0,1,4,0,NA,NA,2
2014-11-14 11:10:00,5,1.5,0,1,4,0,NA,NA,1
2014-11-14 20:01:00,4,0.5,0,1,3,0,NA,NA,3
2014-11-15 09:07:00,4,1,0,0,4,0,NA,NA,2
2014-11-15 20:13:00,4,1,0,1,3,0,NA,NA,1
2014-11-16 08:49:00,4,0.5,0,1,3,0,NA,NA,2
2014-11-16 21:46:00,5,2,1,2,2,0,NA,2,1
2014-11-17 10:43:00,5,2,1,2,2,0,NA,NA,2
2014-11-17 21:46:00,4,2,1,2,1,0,NA,NA,3
2014-11-18 10:16:00,2,3,0,1,1,1,NA,0,2
2014-11-18 21:14:00,6,2,1,4,1,0,NA,4,1
2014-11-19 10:59:00,6,3,3,2,1,0,NA,NA,2
2014-11-19 21:02:00,6,2,0,5,1,0,NA,NA,3
2014-11-20 11:34:00,5,3.5,1,3,1,1,NA,NA,2
2014-11-20 22:20:00,8,2.5,2,5,1,0,NA,4,3
2014-11-21 10:51:00,8,2,1,6,1,0,NA,0,2
2014-11-21 20:18:00,8,1.5,0,4,4,0,NA,NA,2
2014-11-22 10:19:00,8,2,0,4,4,0,NA,NA,2
2014-11-22 20:24:00,8,1.5,2,2,4,0,NA,1,2
2014-11-23 09:42:00,8,1.5,2,1,5,0,NA,NA,2
2014-11-23 21:50:00,8,2.5,2,1,5,0,NA,NA,2
2014-11-24 10:21:00,8,1.5,1,3,5,0,NA,NA,2
2014-11-24 21:07:00,6,1.5,0,2,4,0,NA,NA,2
2014-11-25 09:05:00,6,1,2,0,4,0,NA,NA,2
2014-11-25 19:46:00,6,0.5,2,0,4,0,NA,NA,3
2014-11-26 09:56:00,5,1,1,1,3,0,NA,NA,2
2014-11-26 21:42:00,4,1,1,0,3,1,NA,NA,1
2014-11-27 09:40:00,4,1,0,1,3,0,NA,NA,2
2014-11-27 19:28:00,4,0.5,1,0,3,0,NA,0,3
2014-11-28 09:09:00,4,0.5,1,0,3,0,NA,NA,1
2014-11-28 19:32:00,1,0.5,1,0,0,0,NA,NA,1
2014-11-29 09:44:00,1,1,1,0,0,0,NA,NA,1
2014-11-29 20:03:00,1,1,0,1,0,0,NA,NA,2
2014-11-30 09:00:00,1,1,0,1,0,0,NA,NA,1
2014-11-30 20:04:00,2,1,0,1,1,0,NA,1,2
2014-12-01 09:12:00,2,1,0,1,1,0,NA,NA,1
2014-12-01 20:12:00,2,1,0,1,1,0,NA,0,2
2014-12-02 09:05:00,2,0.5,0,1,1,0,NA,NA,2
2014-12-02 20:08:00,2,1,0,1,1,0,NA,NA,1
2014-12-03 09:10:00,2,0.5,0,1,1,0,NA,NA,1
2014-12-03 19:16:00,3,1,0,1,2,0,NA,1,1
2014-12-04 09:10:00,3,1,0,2,0,0,NA,NA,2
2014-12-04 18:45:00,1,0.5,0,0,1,0,NA,NA,1
2014-12-05 08:27:00,1,0.5,0,0,1,0,NA,NA,1
2014-12-05 19:59:00,2,0.5,0,1,1,0,NA,1,1
2014-12-06 08:45:00,2,0.5,0,1,1,0,NA,NA,2
2014-12-06 19:32:00,1,0.5,0,0,1,0,NA,NA,1
2014-12-07 08:37:00,1,1,0,0,1,0,NA,NA,2
2014-12-07 19:48:00,1,0.5,0,0,1,0,NA,NA,1
2014-12-08 08:22:00,1,0.5,0,0,1,0,NA,NA,2
2014-12-08 19:57:00,1,0.5,0,0,1,0,NA,NA,1
2014-12-09 09:12:00,0,1,0,0,0,0,NA,0,1
2014-12-09 20:33:00,6,1,0,6,0,0,NA,NA,3
2014-12-10 09:40:00,6,1.5,0,5,1,0,NA,NA,2
2014-12-10 20:14:00,6,1,0,3,3,0,NA,0,2
2014-12-11 10:04:00,6,1.5,0,1,5,0,NA,0,1
2014-12-11 19:32:00,6,0.5,0,0,6,0,NA,0,2
2014-12-12 09:05:00,6,0.5,0,0,6,0,NA,NA,2
2014-12-12 19:09:00,6,0.5,0,0,6,0,NA,NA,1
2014-12-13 09:18:00,6,0.5,0,0,6,0,NA,NA,1
2014-12-13 19:54:00,8,0.5,0,2,6,0,NA,2,2
2014-12-14 09:42:00,8,1.5,0,1,7,0,NA,NA,2
2014-12-14 19:48:00,8,1,0,2,6,0,NA,2,2
2014-12-15 09:25:00,8,1.5,0,1,7,0,NA,NA,2
2014-12-15 20:42:00,8,1,0,0,7,0,NA,NA,1
2014-12-16 09:31:00,8,1.5,1,0,7,0,NA,NA,2
2014-12-16 19:38:00,5,0.5,0,1,4,0,NA,NA,2
2014-12-17 12:17:00,4,2,0,1,3,0,NA,NA,1
2014-12-17 21:07:00,5,1.5,2,0,3,0,NA,1,2
2014-12-18 10:04:00,3,1,0,2,1,0,NA,NA,2
2014-12-18 20:29:00,3,1,1,1,1,1,NA,NA,2
2014-12-19 10:50:00,2,2,0,2,0,0,NA,NA,1
2014-12-19 20:55:00,3,1,2,1,0,0,NA,1,1
2014-12-20 09:49:00,3,1.5,1,1,1,0,NA,NA,2
2014-12-20 20:05:00,2,1,0,1,1,1,NA,NA,2
2014-12-21 10:12:00,2,1.5,1,1,0,0,NA,NA,1
2014-12-21 20:33:00,2,1.5,1,1,0,0,NA,NA,2
2014-12-22 09:21:00,2,1.5,0,2,0,0,NA,NA,1
2014-12-22 21:43:00,2,1.5,0,2,0,0,NA,NA,1
2014-12-23 09:25:00,2,1.5,0,2,0,0,NA,NA,1
2014-12-23 21:28:00,8,2.5,1,3,4,0,NA,6,2
2014-12-24 10:51:00,8,3,0,4,4,0,NA,NA,2
2014-12-24 21:58:00,9,2.5,0,4,5,0,NA,NA,1
2014-12-25 11:42:00,9,2.5,0,4,5,0,NA,NA,1
2014-12-25 21:18:00,9,1.5,0,4,5,0,NA,NA,1
2014-12-26 10:22:00,8,2,1,2,4,0,NA,NA,2
2014-12-26 23:22:00,8,2,1,2,5,0,NA,NA,1
2014-12-27 10:06:00,8,1.5,1,1,5,0,NA,NA,1
2014-12-27 21:16:00,3,1.5,1,2,0,0,NA,NA,1
2014-12-28 09:33:00,3,1.5,1,1,1,0,NA,NA,2
2014-12-28 19:48:00,3,0.5,1,0,2,0,NA,NA,2
2014-12-29 08:56:00,3,0.5,0,1,2,0,NA,NA,2
2014-12-29 20:51:00,4,1.5,2,0,2,0,NA,1,1
2014-12-30 09:10:00,4,2,2,1,1,0,NA,NA,2
2014-12-30 22:36:00,4,2,2,2,1,0,NA,NA,1
2014-12-31 09:58:00,3,2,0,2,1,1,NA,NA,2
2014-12-31 19:19:00,3,0.5,0,2,1,0,NA,0,2
2015-01-01 08:54:00,3,0.5,0,1,2,0,NA,0,2
2015-01-01 20:28:00,4,1,1,2,1,0,NA,1,2
2015-01-02 09:53:00,4,2,1,1,2,0,NA,NA,2
2015-01-02 20:36:00,4,1.5,1,1,2,0,NA,NA,1
2015-01-03 11:38:00,4,3.5,3,0,1,0,NA,NA,1
2015-01-03 21:29:00,2,1.5,1,1,0,1,NA,NA,1
2015-01-04 09:43:00,2,1.5,1,1,0,0,NA,NA,1
2015-01-04 21:00:00,1,1,0,1,0,0,NA,NA,1
2015-01-05 09:47:00,1,1,0,1,0,0,NA,NA,1
2015-01-05 22:02:00,2,2,1,1,0,0,NA,NA,1
2015-01-06 09:31:00,2,1,0,1,1,0,NA,NA,1
2015-01-06 20:55:00,6,2,0,1,5,2,NA,NA,2
2015-01-07 11:03:00,6,3,0,1,5,0,NA,NA,2
2015-01-07 21:01:00,6,1.5,0,1,5,0,NA,NA,1
2015-01-08 09:02:00,6,1,0,1,5,0,NA,NA,2
2015-01-08 19:56:00,7,1,0,0,7,0,NA,0,2
2015-01-09 09:07:00,7,1,0,0,7,0,NA,NA,2
2015-01-09 20:45:00,7,1.5,0,0,7,0,NA,NA,1
2015-01-10 09:21:00,7,0.5,0,0,7,0,NA,NA,1
2015-01-10 20:20:00,2,0.5,0,0,2,0,NA,NA,2
2015-01-11 08:32:00,2,0.5,0,0,2,0,NA,NA,2
2015-01-11 20:07:00,2,1,0,1,1,0,NA,1,1
2015-01-12 09:07:00,2,1,0,1,0,0,NA,0,1
2015-01-12 20:59:00,2,0.5,0,2,0,0,NA,1,1
2015-01-13 09:30:00,2,1,0,1,1,0,NA,NA,1
2015-01-13 20:26:00,3,1,1,1,1,0,NA,1,1
2015-01-14 10:16:00,3,2.5,1,1,1,0,NA,NA,1
2015-01-14 20:01:00,3,1,1,1,1,0,NA,NA,2
2015-01-15 09:27:00,4,1.5,1,1,2,0,NA,1,2
2015-01-15 23:35:00,9,3.5,1,2,6,0,NA,NA,1
2015-01-16 09:57:00,9,2,1,6,2,0,NA,NA,2
2015-01-16 21:13:00,8,2,0,5,3,0,NA,0,2
2015-01-17 10:40:00,8,2.5,1,3,4,0,NA,NA,2
2015-01-17 22:04:00,9,3,2,3,4,0,NA,1,2
2015-01-18 10:21:00,9,2.5,2,3,4,0,NA,NA,2
2015-01-18 20:37:00,10,2,1,5,4,0,NA,NA,2
2015-01-19 20:48:00,11,1.5,1,5,5,0,NA,1,2
2015-01-20 20:59:00,9,1.5,1,5,3,0,NA,0,3
2015-01-21 20:02:00,7,1,0,1,6,0,NA,NA,2
2015-01-22 12:00:00,3,2.5,1,0,2,0,NA,NA,2
2015-01-22 21:42:00,5,2,1,2,2,0,NA,2,2
2015-01-23 11:16:00,5,1.5,1,2,2,0,NA,0,2
2015-01-23 21:01:00,5,1,1,2,2,0,NA,NA,2
2015-01-24 12:59:00,4,2,0,3,2,0,NA,0,2
2015-01-24 20:14:00,5,1,0,3,2,0,NA,0,2
2015-01-25 09:52:00,5,1.5,0,2,3,0,NA,NA,2
2015-01-25 20:55:00,5,1.5,1,2,2,0,NA,NA,2
2015-01-26 10:25:00,5,2.5,0,2,1,0,NA,NA,2
2015-01-26 20:14:00,3,1,0,2,1,0,NA,0,1
2015-01-27 09:21:00,3,1.5,0,0,3,0,NA,NA,2
2015-01-27 20:06:00,5,1.5,0,3,2,0,NA,NA,2
2015-01-28 09:19:00,4,1,0,3,1,1,NA,0,2
2015-01-28 19:35:00,4,0.5,0,0,4,0,NA,NA,2
2015-01-29 09:48:00,4,1.5,0,0,2,0,NA,NA,2
2015-01-29 19:25:00,2,0.5,0,0,2,0,NA,NA,2
2015-01-30 19:20:00,1,0.5,0,0,1,0,NA,NA,1
2015-01-31 09:40:00,1,0.5,0,0,1,0,NA,NA,1
2015-02-02 19:15:00,5,0.5,0,0,5,0,NA,NA,2
2015-02-03 08:53:00,5,1,0,0,5,0,NA,NA,2
2015-02-03 20:11:00,8,1,1,1,6,0,NA,2,2
2015-02-04 10:43:00,8,1,0,1,7,0,NA,0,1
2015-02-04 20:16:00,8,1,1,0,7,0,NA,0,1
2015-02-05 10:22:00,8,2,0,1,7,0,NA,NA,2
2015-02-05 20:40:00,8,1,0,1,7,0,NA,NA,2
2015-02-06 10:09:00,8,1,0,0,8,0,NA,NA,2
2015-02-06 21:13:00,10,2,1,1,8,0,NA,2,2
2015-02-07 09:18:00,5,1,0,2,3,0,NA,NA,2
2015-02-07 20:35:00,9,1,1,1,7,0,NA,NA,2
2015-02-08 09:57:00,9,1.5,1,2,6,0,NA,NA,2
2015-02-08 20:40:00,14,1.5,1,7,6,0,NA,5,2
2015-02-09 10:32:00,12,2.5,1,10,1,0,NA,0,2
2015-02-09 22:12:00,18,3,2,6,10,0,NA,NA,2
2015-02-10 12:39:00,21,4.5,0,11,10,0,NA,3,1
2015-02-10 22:05:00,21,3.5,1,7,13,0,NA,0,2
2015-02-11 11:04:00,21,4,0,12,9,0,NA,NA,2
2015-02-11 20:16:00,21,1.5,0,2,19,0,NA,NA,4
2015-02-12 11:00:00,11,2.5,0,1,10,0,NA,NA,2
2015-02-12 20:43:00,17,1.5,0,4,13,0,NA,1,2
2015-02-13 11:16:00,16,1.5,0,2,14,0,NA,NA,2
2015-02-13 21:45:00,17,2,0,4,13,0,NA,1,2
2015-02-14 09:46:00,17,1.5,0,2,15,0,NA,NA,2
2015-02-14 20:30:00,17,1.5,0,2,15,0,NA,NA,2
2015-02-15 09:43:00,17,1.5,0,4,13,0,NA,NA,2
2015-02-15 20:25:00,17,1.5,1,3,13,0,NA,NA,2
2015-02-16 12:15:00,14,3,0,2,12,0,NA,NA,2
2015-02-16 20:01:00,11,1,0,3,8,0,NA,0,2
2015-02-17 12:40:00,9,2,0,1,8,0,NA,NA,2
2015-02-17 21:04:00,4,1,0,2,2,0,NA,0,2
2015-02-18 09:27:00,4,0.5,0,0,4,0,NA,NA,2
2015-02-18 19:11:00,4,0.5,0,0,4,0,NA,NA,1
2015-02-19 11:32:00,5,1,1,0,4,0,NA,1,2
2015-02-19 20:48:00,5,1,0,1,4,0,NA,NA,2
2015-02-20 09:35:00,2,1,0,2,0,0,NA,NA,2
2015-02-20 20:27:00,3,1,1,1,1,0,NA,1,5
2015-02-21 09:34:00,3,1,1,1,1,0,NA,NA,1
2015-02-21 20:27:00,4,1,1,2,1,0,NA,NA,2
2015-02-22 09:57:00,4,1.5,1,0,3,0,NA,NA,2
2015-02-22 19:40:00,3,0.5,0,1,2,1,NA,NA,2
2015-02-23 08:47:00,2,1,0,1,1,0,NA,0,2
2015-02-23 19:58:00,2,0.5,0,1,1,0,NA,NA,1
2015-02-24 09:15:00,2,1,0,1,1,0,NA,NA,2
2015-02-24 19:07:00,3,0.5,0,1,2,0,NA,1,2
2015-02-25 09:29:00,3,0.5,0,1,2,0,NA,NA,1
2015-02-25 19:59:00,8,1,2,0,6,0,NA,5,2
2015-02-26 10:45:00,7,1.5,2,0,5,0,NA,NA,2
2015-02-26 21:32:00,12,2.5,6,2,3,0,NA,5,2
2015-02-27 10:58:00,11,2,4,2,3,0,NA,NA,2
2015-02-27 23:45:00,11,4.5,6,2,3,0,NA,NA,2
2015-02-28 14:11:00,11,5.5,1,7,3,0,NA,0,3
2015-02-28 20:33:00,11,1.5,2,5,4,0,NA,NA,4
2015-03-01 23:08:00,10,3.5,3,5,2,0,NA,2,3
2015-03-02 11:05:00,10,3.5,1,5,4,0,NA,NA,3
2015-03-02 21:50:00,6,2,3,3,0,1,NA,1,2
2015-03-03 10:07:00,5,1.5,2,0,2,0,NA,NA,3
2015-03-03 20:55:00,7,1.5,1,4,2,0,NA,1,4
2015-03-04 09:02:00,6,0.5,0,4,2,0,NA,NA,2
2015-03-04 21:45:00,5,1.5,2,1,2,0,NA,NA,2
2015-03-05 20:58:00,10,1.5,0,4,6,0,NA,NA,3
2015-03-06 12:14:00,10,2,0,4,6,0,NA,NA,1
2015-03-06 21:19:00,10,2,0,3,7,0,NA,NA,3
2015-03-07 09:56:00,10,2,0,7,3,0,NA,NA,2
2015-03-07 21:15:00,8,2.5,0,2,6,0,NA,NA,3
2015-03-08 08:03:00,8,0.5,0,0,8,0,NA,NA,2
2015-03-08 19:19:00,8,1,0,2,6,0,NA,NA,2
2015-03-09 09:31:00,6,1.5,0,0,6,0,NA,0,1
2015-03-09 19:53:00,6,1,0,0,6,0,NA,0,1
2015-03-10 10:12:00,0,2,0,0,0,0,NA,NA,2
2015-03-12 19:08:00,1,0.5,0,1,0,0,NA,1,2
2015-03-13 07:21:00,1,0.5,0,1,0,0,NA,NA,1
2015-03-13 19:15:00,1,0.5,0,0,1,0,NA,NA,1
2015-03-14 10:38:00,1,0.5,0,1,0,0,NA,NA,1
2015-03-14 18:31:00,1,0.5,0,0,1,0,NA,0,1
2015-03-15 09:03:00,1,0.5,0,1,0,0,NA,NA,1
2015-03-15 18:05:00,1,0.5,0,0,1,0,NA,NA,1
2015-03-16 07:39:00,1,0.5,0,0,1,0,NA,NA,1
2015-03-16 19:12:00,5,1.5,1,3,1,0,NA,4,1
2015-03-17 10:17:00,5,2,0,3,2,0,NA,NA,1
2015-03-17 20:20:00,5,1.5,0,4,1,0,NA,0,2
2015-03-18 10:03:00,6,2.5,2,1,3,0,NA,1,1
2015-03-18 20:40:00,5,2,1,2,2,0,NA,NA,2
2015-03-19 08:44:00,4,1.5,0,2,2,1,NA,NA,1
2015-03-19 19:42:00,4,1,0,2,2,0,NA,0,2
2015-03-20 08:55:00,3,1,0,2,1,0,NA,NA,1
2015-03-20 19:11:00,3,1,0,1,2,0,NA,NA,1
2015-03-21 08:08:00,3,1,0,1,2,0,NA,0,1
2015-03-21 19:56:00,4,1.5,0,2,2,0,NA,NA,2
2015-03-22 09:37:00,3,2,0,2,1,0,NA,NA,1
2015-03-22 19:32:00,4,1.5,1,2,1,0,NA,1,1
2015-03-23 08:56:00,4,1,0,3,1,0,NA,NA,1
2015-03-24 08:45:00,4,1,0,1,2,0,NA,NA,2
2015-03-24 18:17:00,3,0.5,0,1,2,0,NA,0,2
2015-03-25 08:10:00,3,1,0,1,2,0,NA,0,1
2015-03-25 18:47:00,3,0.5,0,0,3,0,NA,NA,3
2015-03-26 08:00:00,3,0.5,0,1,2,0,NA,NA,2
2015-03-26 17:21:00,4,2,1,2,0,0,NA,3,1
2015-03-26 19:19:00,4,1,1,0,3,0,NA,3,2
2015-03-27 09:29:00,4,1.5,1,1,2,0,NA,0,3
2015-03-27 19:31:00,4,1,0,2,2,0,NA,NA,2
2015-03-28 08:32:00,4,1,0,2,2,0,NA,NA,2
2015-03-28 19:11:00,4,1,0,1,3,0,NA,0,2
2015-03-29 08:40:00,4,1.5,0,1,3,0,NA,0,3
2015-03-29 19:17:00,4,1,1,0,3,0,NA,NA,2
2015-03-30 08:39:00,4,2,1,0,3,0,NA,NA,1
2015-03-30 20:52:00,1,2.5,1,1,0,0,NA,1,2
2015-03-31 10:41:00,3,2.5,1,0,2,0,NA,NA,1
2015-03-31 12:48:00,4,1,0,1,0,0,NA,1,1
2015-03-31 20:47:00,4,2.5,1,2,1,0,NA,NA,2
2015-04-01 08:46:00,4,1.5,0,2,2,0,NA,NA,2
2015-04-01 20:23:00,4,1,2,0,2,0,NA,NA,2
2015-04-02 11:09:00,4,3.5,1,1,2,0,NA,NA,2
2015-04-02 20:06:00,4,1,1,0,3,0,NA,NA,2
2015-04-03 08:30:00,4,1.5,0,1,3,0,NA,NA,2
2015-04-03 15:51:00,11,1,0,0,7,0,NA,NA,1
2015-04-03 19:18:00,11,1,1,0,10,0,NA,0,2
2015-04-04 09:41:00,11,2.5,0,1,10,0,NA,NA,2
2015-04-04 21:55:00,14,4.5,0,6,8,0,NA,5,2
2015-04-05 10:02:00,14,1.5,0,2,12,0,NA,NA,2
2015-04-05 22:02:00,14,3,0,4,10,0,NA,NA,2
2015-04-06 10:19:00,14,2,0,5,9,0,NA,0,2
2015-04-06 21:09:00,13,2,0,4,9,0,NA,NA,2
2015-04-07 09:48:00,12,2,0,2,10,0,NA,NA,2
2015-04-07 20:18:00,12,1,0,3,9,0,NA,NA,2
2015-04-08 09:19:00,5,1,0,1,4,0,NA,NA,2
2015-04-08 12:44:00,8,1,0,1,0,0,NA,1,1
2015-04-08 21:10:00,8,2,2,0,6,0,NA,1,2
2015-04-09 09:31:00,8,1.5,0,2,4,0,NA,NA,2
2015-04-09 21:36:00,7,1,0,2,5,0,NA,1,3
2015-04-10 09:09:00,7,1,0,2,5,0,NA,0,2
2015-04-10 13:27:00,8,1,0,1,0,0,NA,1,1
2015-04-10 20:11:00,8,1,0,3,5,0,NA,NA,2
2015-04-11 09:33:00,8,1.5,0,3,5,0,NA,NA,2
2015-04-11 21:22:00,8,2,2,1,5,0,NA,0,1
2015-04-12 09:40:00,8,1.5,1,2,5,0,NA,NA,2
2015-04-12 14:13:00,9,0.5,1,1,7,0,NA,1,1
2015-04-12 21:02:00,9,1.5,0,4,5,0,NA,NA,2
2015-04-13 09:54:00,5,1.5,0,3,2,0,NA,NA,2
2015-04-13 19:30:00,5,1,0,2,3,0,NA,NA,2
2015-04-14 09:59:00,5,1,0,1,4,0,NA,NA,2
2015-04-14 20:36:00,4,1,0,2,2,0,NA,NA,2
2015-04-15 09:09:00,4,1.5,0,2,2,0,NA,NA,1
2015-04-15 19:57:00,3,1,0,1,2,0,NA,NA,2
2015-04-16 09:07:00,3,1,0,1,2,0,NA,NA,2
2015-04-16 20:37:00,3,1,0,2,1,0,NA,NA,2
2015-04-17 11:08:00,5,1.5,0,1,2,0,NA,NA,1
2015-04-17 19:52:00,4,1,0,0,3,0,NA,1,2
2015-04-18 08:51:00,3,0.5,0,0,3,0,NA,NA,2
2015-04-18 21:14:00,4,1.5,1,0,3,0,NA,2,1
2015-04-19 09:41:00,4,1.5,1,0,3,0,NA,NA,2
2015-04-19 14:30:00,1,0.5,0,1,0,0,NA,1,1
2015-04-19 21:43:00,5,2.5,1,2,2,0,NA,NA,2
2015-04-20 10:45:00,4,2,1,2,1,0,NA,0,2
2015-04-20 19:51:00,4,1,2,1,1,0,NA,0,2
2015-04-21 10:03:00,4,1.5,0,3,1,0,NA,NA,2
2015-04-21 20:46:00,4,1,0,3,1,0,NA,0,3
2015-04-22 09:55:00,3,1.5,1,2,0,0,NA,NA,1
2015-04-22 20:18:00,3,1.5,2,0,1,0,NA,NA,2
2015-04-23 09:44:00,3,1.5,1,1,1,0,NA,NA,2
2015-04-23 20:17:00,4,1,0,2,2,0,NA,1,2
2015-04-24 09:38:00,3,1,0,2,1,0,NA,NA,2
2015-04-24 20:25:00,3,1.5,0,1,2,0,NA,NA,3
2015-04-25 09:19:00,3,1,0,2,1,0,NA,NA,2
2015-04-25 20:41:00,4,1.5,0,3,1,0,NA,NA,2
2015-04-26 09:53:00,4,2,0,3,1,0,NA,NA,2
2015-04-26 20:48:00,3,2,0,1,2,1,NA,NA,2
2015-04-27 09:38:00,3,1.5,1,0,2,0,NA,NA,2
2015-04-27 20:08:00,5,1,0,3,2,0,NA,NA,2
2015-04-28 10:55:00,3,1.5,0,1,2,0,NA,NA,2
2015-04-28 20:42:00,4,0.5,1,1,2,0,NA,NA,4
2015-04-29 10:34:00,4,2,1,2,1,0,NA,NA,2
2015-04-29 22:06:00,4,2,3,0,1,0,NA,NA,3
2015-04-30 20:47:00,3,1.5,0,1,2,0,NA,NA,3
2015-05-01 13:20:00,4,1.5,1,2,1,0,NA,NA,1
2015-05-01 20:45:00,6,1.5,0,4,2,0,NA,NA,2
2015-05-02 10:17:00,6,2.5,1,2,3,0,NA,NA,2
2015-05-02 22:24:00,6,3.5,2,2,2,0,NA,2,2
2015-05-03 10:09:00,6,2,0,4,2,0,NA,NA,2
2015-05-03 21:18:00,8,2,3,3,2,0,NA,1,3
2015-05-04 10:57:00,9,3.5,1,4,2,0,NA,1,2
2015-05-04 21:15:00,8,2,1,4,3,0,NA,NA,2
2015-05-05 11:55:00,7,2.5,1,4,2,1,NA,0,2
2015-05-05 21:49:00,8,2,1,4,3,0,NA,NA,3
2015-05-06 10:01:00,8,2,0,4,4,0,NA,0,2
2015-05-06 22:03:00,10,3,3,2,5,0,NA,2,3
2015-05-07 10:59:00,10,2.5,1,3,6,0,NA,NA,2
2015-05-07 15:53:00,15,2,1,4,10,0,NA,5,1
2015-05-08 00:29:00,16,5,2,8,6,0,NA,1,3
2015-05-08 13:01:00,17,4.5,2,10,5,0,NA,NA,2
2015-05-09 01:03:00,15,5,3,5,7,0,NA,NA,3
2015-05-09 13:29:00,13,5.5,2,6,5,0,NA,1,2
2015-05-09 21:33:00,13,3,2,6,4,1,NA,1,2
2015-05-10 13:07:00,12,5.5,1,6,5,1,NA,0,2
2015-05-10 21:38:00,13,2,0,7,6,0,NA,1,2
2015-05-11 13:14:00,13,4.5,0,8,4,0,NA,1,2
2015-05-11 23:10:00,15,3,2,8,5,0,NA,2,3
2015-05-12 11:59:00,11,2,1,6,4,2,NA,1,3
2015-05-12 23:45:00,12,4,1,7,4,1,NA,NA,3
2015-05-13 09:39:00,11,1.5,0,6,5,0,NA,NA,2
2015-05-13 22:20:00,11,3,2,4,5,0,NA,NA,2
2015-05-14 10:35:00,11,2.5,1,4,5,0,NA,NA,2
2015-05-14 22:05:00,11,3,0,6,5,0,NA,NA,2
2015-05-15 11:44:00,9,3.5,0,5,4,0,NA,NA,2
2015-05-15 22:59:00,11,3.5,0,3,7,0,NA,1,2
2015-05-16 11:35:00,11,3,0,5,7,0,NA,NA,2
2015-05-16 17:31:00,2,1.5,1,1,0,0,NA,2,1
2015-05-16 22:11:00,13,2.5,0,7,6,0,NA,NA,2
2015-05-17 11:48:00,10,3,0,4,6,0,NA,NA,3
2015-05-17 20:17:00,10,1.5,1,4,5,1,NA,0,3
2015-05-18 13:20:00,7,4,2,2,3,0,NA,NA,2
2015-05-18 17:34:00,7,2,1,3,3,1,NA,1,1
2015-05-18 23:11:00,7,4,1,3,3,0,NA,NA,2
2015-05-19 09:34:00,7,1,0,4,3,0,NA,NA,2
2015-05-19 14:26:00,9,3,1,3,5,0,NA,2,1
2015-05-19 20:40:00,9,2.5,0,4,5,0,NA,2,4
2015-05-20 11:10:00,7,3,0,4,3,0,NA,NA,2
2015-05-21 00:34:00,13,5,2,8,3,1,NA,6,4
2015-05-21 11:14:00,13,3,0,5,8,0,NA,NA,3
2015-05-21 22:26:00,13,3,0,5,8,0,NA,0,2
2015-05-22 22:27:00,12,3.5,1,5,6,0,NA,1,2
2015-05-23 11:37:00,11,3.5,0,5,6,0,NA,NA,2
2015-05-23 21:57:00,11,3,0,6,5,0,NA,1,2
2015-05-24 10:18:00,11,2.5,0,6,5,0,NA,NA,2
2015-05-24 20:47:00,11,1.5,1,3,7,0,NA,NA,2
2015-05-25 09:28:00,11,1.5,0,2,9,0,NA,0,2
2015-05-25 21:36:00,15,3,1,4,9,0,NA,NA,2
2015-05-26 10:27:00,15,2,1,5,8,0,NA,0,3
2015-05-26 22:07:00,14,3,3,7,3,0,NA,6,4
2015-05-27 09:11:00,14,3,3,7,3,0,NA,6,4
2015-05-27 11:41:00,13,2.5,2,8,4,0,NA,NA,2
2015-05-27 22:16:00,16,3,4,7,5,0,NA,3,3
2015-05-28 11:32:00,16,3,2,5,9,0,NA,NA,3
2015-05-28 21:25:00,17,2,2,6,9,0,NA,NA,4
2015-05-29 11:46:00,15,2,3,4,8,2,NA,0,2
2015-05-29 22:26:00,15,3,3,4,8,0,NA,NA,3
2015-05-30 13:36:00,15,5.5,1,4,10,0,NA,NA,1
2015-05-30 20:38:00,14,2.5,0,6,8,0,NA,0,1
2015-05-31 12:10:00,11,4,0,4,6,0,NA,0,3
2015-05-31 20:17:00,11,1,0,4,7,0,NA,NA,2
2015-06-01 09:37:00,11,2.5,0,3,8,0,NA,0,1
2015-06-01 20:15:00,11,1,0,3,8,0,NA,1,2
2015-06-02 10:21:00,5,1,0,1,4,0,NA,NA,2
2015-06-02 20:56:00,6,1,1,1,4,0,NA,NA,5
2015-06-03 10:01:00,6,1,0,1,4,0,NA,NA,2
2015-06-03 14:31:00,7,1,1,0,0,0,NA,1,1
2015-06-03 20:43:00,7,1.5,2,0,5,0,NA,NA,2
2015-06-04 09:28:00,4,1.5,0,1,3,1,NA,NA,2
2015-06-04 22:09:00,4,2,1,1,2,0,NA,NA,3
2015-06-05 10:37:00,4,1.5,0,2,2,0,NA,0,3
2015-06-05 18:25:00,2,0.5,0,2,0,0,NA,2,1
2015-06-05 20:06:00,6,1,1,3,2,0,NA,2,2
2015-06-06 09:17:00,6,1.5,1,3,2,0,NA,NA,2
2015-06-06 13:13:00,1,0.5,0,1,0,0,NA,NA,1
2015-06-06 21:33:00,8,2.5,1,4,2,0,NA,1,1
2015-06-07 13:11:00,7,3,1,3,3,0,NA,NA,1
2015-06-07 20:40:00,7,1.5,1,3,3,0,NA,NA,3
2015-06-08 11:24:00,7,3,1,3,3,0,NA,NA,2
2015-06-08 22:32:00,7,1.5,1,1,4,0,NA,0,3
2015-06-09 10:38:00,5,3,0,3,2,1,NA,NA,2
2015-06-09 20:10:00,6,1,0,3,3,0,NA,1,3
2015-06-10 09:51:00,5,2,0,2,3,0,NA,0,2
2015-06-10 19:44:00,5,1,0,2,3,0,NA,NA,3
2015-06-11 10:46:00,3,2,0,1,2,0,NA,NA,2
2015-06-11 20:12:00,3,0.5,0,0,3,0,NA,NA,2
2015-06-12 10:18:00,3,1,0,0,3,0,NA,0,1
2015-06-12 14:10:00,7,2,1,2,1,0,NA,4,2
2015-06-12 21:38:00,7,2,1,2,4,1,NA,NA,2
2015-06-13 09:25:00,7,1.5,1,2,4,0,NA,NA,2
2015-06-13 20:22:00,7,1,1,2,4,0,NA,1,2
2015-06-14 11:18:00,7,3,2,1,4,0,NA,NA,3
2015-06-14 21:02:00,7,2,3,0,4,0,NA,NA,4
2015-06-15 09:40:00,6,2.5,2,3,1,0,NA,0,2
2015-06-15 12:21:00,1,1,0,1,0,0,NA,1,1
2015-06-15 20:01:00,7,1,0,5,2,0,NA,NA,2
2015-06-16 13:34:00,7,5,2,2,2,0,NA,NA,1
2015-06-16 19:19:00,6,1,2,2,2,0,NA,0,2
2015-06-17 09:53:00,6,2,0,4,2,0,NA,NA,2
2015-06-17 22:24:00,17,3.5,5,1,11,0,NA,10,2
2015-06-18 15:57:00,18,10,4,3,11,0,NA,NA,2
2015-06-18 23:29:00,18,5,5,3,9,0,NA,NA,4
2015-06-19 12:39:00,17,5,1,5,11,0,NA,NA,2
2015-06-19 23:47:00,30,4,11,8,11,1,NA,9,4
2015-06-20 15:20:00,25,5,3,12,10,0,NA,NA,2
2015-06-21 01:04:00,25,6,10,6,9,0,NA,NA,2
2015-06-21 12:54:00,25,4,8,5,11,1,NA,1,2
2015-06-22 01:43:00,34,6.5,10,15,9,0,NA,NA,5
2015-06-23 01:06:00,29,5,1,19,9,0,NA,NA,3
2015-06-23 23:36:00,27,4.5,10,11,5,0,NA,0,5
2015-06-25 01:03:00,27,6,8,13,6,0,NA,NA,3
2015-06-25 21:32:00,26,7,2,1,1,2,NA,NA,2
2015-06-25 22:52:00,24,3.5,3,4,5,0,NA,0,3
2015-06-27 13:47:00,24,5.5,2,7,13,0,NA,0,2
2015-06-27 23:09:00,24,4,2,9,13,0,NA,0,3
2015-06-28 11:58:00,24,3.5,2,5,17,0,NA,NA,4
2015-06-29 00:39:00,24,5,2,7,15,0,NA,NA,3
2015-06-29 20:20:00,16,1.5,1,5,10,0,NA,NA,3
2015-06-30 17:16:00,11,3,1,4,6,0,NA,0,2
2015-06-30 22:41:00,10,2,2,3,5,0,NA,NA,3
2015-07-02 00:46:00,10,5,1,3,6,0,NA,0,2
2015-07-02 20:45:00,10,1.5,0,5,5,0,NA,0,2
2015-07-03 10:00:00,7,1.5,0,3,4,0,NA,0,3
2015-07-03 20:08:00,8,1.5,0,4,4,0,NA,1,2
2015-07-04 10:19:00,4,3.5,2,1,1,0,NA,NA,2
2015-07-04 20:31:00,3,1.5,0,2,1,1,NA,0,2
2015-07-05 09:45:00,2,1.5,1,0,1,0,NA,NA,2
2015-07-05 18:56:00,2,1,0,0,2,0,NA,NA,2
2015-07-06 11:30:00,2,1,0,1,1,0,NA,NA,1
2015-07-06 20:19:00,2,1,0,1,1,0,NA,NA,2
2015-07-07 11:43:00,2,1,0,1,1,0,NA,NA,2
2015-07-07 19:38:00,2,0.5,0,1,1,0,NA,NA,3
2015-07-08 09:44:00,2,1,0,1,1,0,NA,NA,1
2015-07-08 18:47:00,2,0.5,0,1,1,0,NA,NA,1
2015-07-09 11:03:00,2,0.5,0,1,1,0,NA,NA,1
2015-07-09 12:38:00,3,0.5,0,2,1,0,NA,1,1
2015-07-09 21:32:00,11,2.5,0,6,5,0,NA,7,2
2015-07-10 11:35:00,10,2.5,0,5,5,0,NA,NA,2
2015-07-10 15:44:00,17,1.5,0,2,5,0,NA,7,2
2015-07-10 20:54:00,17,1.5,0,9,8,0,NA,NA,2
2015-07-11 11:26:00,17,3,1,2,14,0,NA,NA,2
2015-07-11 22:29:00,18,3,1,8,9,0,NA,1,2
2015-07-12 12:43:00,16,3.5,1,4,12,0,NA,NA,2
2015-07-12 21:26:00,17,2,1,2,14,0,NA,NA,2
2015-07-13 10:26:00,16,2.5,0,2,14,1,NA,0,2
2015-07-13 20:37:00,17,2,1,1,15,0,NA,1,3
2015-07-14 09:37:00,13,1.5,1,1,11,0,NA,0,2
2015-07-14 20:30:00,14,1.5,0,3,11,0,NA,NA,1
2015-07-15 11:38:00,8,1,0,1,7,0,NA,NA,2
2015-07-15 22:12:00,8,2,0,2,6,0,NA,NA,2
2015-07-16 10:53:00,4,1,0,2,2,0,NA,NA,2
2015-07-16 15:19:00,1,0.5,0,0,1,0,NA,1,2
2015-07-16 21:14:00,5,1.5,1,2,2,0,NA,NA,2
2015-07-17 09:22:00,4,1.5,0,3,1,0,NA,NA,1
2015-07-17 22:49:00,8,3,2,4,2,0,NA,4,2
2015-07-18 11:01:00,7,2.5,2,5,0,0,NA,NA,2
2015-07-18 21:59:00,8,3,1,7,0,0,NA,NA,2
2015-07-19 11:23:00,8,3,0,7,1,0,NA,NA,2
2015-07-19 20:35:00,8,1.5,0,7,1,0,NA,0,2
2015-07-20 21:06:00,8,2,0,5,3,0,NA,NA,2
2015-07-21 10:11:00,8,1.5,0,4,4,0,NA,NA,3
2015-07-21 19:50:00,9,2,0,5,4,0,NA,NA,3
2015-07-22 10:11:00,9,1.5,0,6,3,0,NA,NA,2
2015-07-22 20:41:00,11,1.5,2,1,8,0,NA,1,2
2015-07-23 13:57:00,11,4,1,3,7,0,NA,NA,1
2015-07-23 22:56:00,11,3,0,4,7,0,NA,NA,2
2015-07-24 11:22:00,10,3.5,0,2,8,0,NA,0,2
2015-07-24 21:27:00,11,2,1,1,8,0,NA,NA,2
2015-07-25 11:17:00,11,3,0,2,9,0,NA,NA,2
2015-07-25 21:07:00,11,2,1,2,8,0,NA,1,2
2015-07-26 11:17:00,9,3,1,2,6,0,NA,NA,2
2015-07-26 20:05:00,8,1,1,1,6,0,NA,NA,2
2015-07-27 10:07:00,5,2.5,0,2,3,1,NA,0,2
2015-07-27 12:23:00,6,0.5,0,1,0,0,NA,NA,1
2015-07-27 20:40:00,6,2,0,3,3,0,NA,1,2
2015-07-28 10:58:00,5,1.5,0,1,4,0,NA,NA,2
2015-07-28 22:41:00,5,3.5,1,2,2,0,NA,0,2
2015-07-29 12:25:00,4,2,1,0,3,0,NA,NA,1
2015-07-29 21:37:00,8,2.5,3,0,5,0,NA,4,2
2015-07-30 11:40:00,12,3,3,2,7,0,NA,4,1
2015-07-30 20:13:00,10,1.5,3,1,6,1,NA,NA,2
2015-07-31 21:23:00,10,2.5,2,4,4,1,NA,NA,3
2015-08-01 11:10:00,10,2.5,1,2,7,0,NA,NA,2
2015-08-01 23:44:00,13,4.5,2,1,10,0,NA,4,1
2015-08-02 12:09:00,13,4.5,0,5,8,0,NA,0,1
2015-08-02 20:23:00,15,1.5,0,5,10,0,NA,NA,2
2015-08-03 22:14:00,15,2.5,0,3,12,0,NA,0,2
2015-08-04 12:59:00,15,4,0,4,11,0,NA,NA,1
2015-08-04 21:13:00,19,2.5,3,3,13,0,NA,4,2
2015-08-05 14:37:00,15,4.5,1,5,9,0,NA,0,1
2015-08-05 21:30:00,14,2.5,0,4,10,1,NA,NA,2
2015-08-06 10:48:00,14,2.5,0,4,10,0,NA,NA,2
2015-08-06 21:04:00,14,2.5,0,2,12,0,NA,NA,3
2015-08-07 13:08:00,10,3,0,4,6,0,NA,0,1
2015-08-07 21:17:00,14,2.5,1,3,10,0,NA,4,2
2015-08-08 10:22:00,14,2,1,2,11,0,NA,0,2
2015-08-08 21:26:00,11,2.5,1,3,6,0,NA,0,2
2015-08-09 11:24:00,7,2.5,0,3,4,1,NA,NA,2
2015-08-09 17:01:00,13,2.5,1,1,4,0,NA,6,1
2015-08-09 21:08:00,14,2.5,1,2,11,0,NA,1,1
2015-08-10 09:30:00,12,2,1,2,9,0,NA,0,2
2015-08-10 22:00:00,12,2,0,1,11,1,NA,0,3
2015-08-11 11:35:00,10,1,0,1,10,0,NA,0,2
2015-08-11 20:30:00,11,1.5,0,1,10,0,NA,0,1
2015-08-12 10:27:00,10,2,0,1,9,0,NA,NA,2
2015-08-12 13:10:00,11,1,1,1,9,0,NA,1,1
2015-08-12 19:57:00,11,1,1,0,10,0,NA,NA,2
2015-08-13 10:42:00,10,1,1,2,7,0,NA,0,1
2015-08-13 19:36:00,9,1,0,2,7,1,NA,NA,1
2015-08-14 09:14:00,4,1,0,2,2,0,NA,0,2
2015-08-14 21:54:00,7,3,3,1,3,0,NA,3,2
2015-08-15 11:50:00,7,3,3,1,3,0,NA,NA,1
2015-08-15 21:03:00,7,2.5,3,1,3,0,NA,2,1
2015-08-16 10:30:00,7,2.5,2,2,3,0,NA,NA,1
2015-08-16 19:45:00,6,1,0,3,3,0,NA,NA,2
2015-08-17 11:06:00,5,2.5,0,2,3,1,NA,NA,1
2015-08-17 13:47:00,0,0.5,0,1,0,0,NA,1,2
2015-08-17 21:43:00,8,3,1,4,3,0,NA,3,2
2015-08-18 10:02:00,8,1.5,0,4,4,0,NA,NA,1
2015-08-18 21:25:00,7,2,0,4,3,0,NA,NA,2
2015-08-19 13:38:00,8,2,0,2,5,0,NA,NA,1
2015-08-19 19:45:00,8,1,1,2,5,0,NA,0,2
2015-08-20 21:32:00,4,2,2,1,1,0,NA,NA,2
2015-08-21 09:49:00,4,1.5,0,2,2,1,NA,NA,1
2015-08-21 22:01:00,5,2.5,0,4,1,0,NA,1,1
2015-08-22 12:14:00,4,2,1,1,2,0,NA,0,3
2015-08-22 19:58:00,4,1,0,2,2,0,NA,0,2
2015-08-23 10:28:00,4,2,0,2,2,0,NA,NA,1
2015-08-23 20:09:00,3,1,0,2,1,0,NA,NA,2
2015-08-24 09:48:00,3,1.5,0,2,1,0,NA,NA,1
2015-08-24 20:20:00,3,1,0,2,1,0,NA,NA,1
2015-08-25 12:00:00,2,4,1,1,0,0,NA,0,2
2015-08-25 19:28:00,3,1,1,2,0,0,NA,1,2
2015-08-25 20:59:00,3,2,1,0,2,0,NA,NA,2
2015-08-26 09:38:00,2,1.5,1,0,1,1,NA,NA,1
2015-08-26 21:32:00,2,1,1,0,1,0,NA,0,2
2015-08-27 09:31:00,2,0.5,1,0,1,0,NA,NA,1
2015-08-27 20:45:00,3,1,1,1,1,0,NA,1,2
2015-08-28 09:15:00,3,1,0,2,1,0,NA,0,1
2015-08-28 19:43:00,3,1,0,2,1,0,NA,NA,2
2015-08-29 13:11:00,2,2,0,1,1,0,NA,0,1
2015-08-29 20:23:00,2,0.5,0,1,1,0,NA,NA,2
2015-08-30 08:46:00,2,0.5,0,1,1,0,NA,NA,2
2015-08-30 20:04:00,2,1,0,1,1,0,NA,NA,3
2015-08-31 10:07:00,1,1.5,0,1,0,0,NA,NA,2
2015-08-31 19:28:00,1,0.5,0,0,1,0,NA,NA,2
2015-09-01 08:48:00,1,0.5,0,0,1,0,NA,NA,1
2015-09-01 18:50:00,1,0.5,0,0,1,0,NA,NA,1
2015-09-02 19:35:00,2,0.5,1,0,1,0,NA,1,2
2015-09-03 11:40:00,2,1,0,1,1,0,NA,NA,1
2015-09-03 18:57:00,1,0.5,0,1,0,0,NA,NA,3
2015-09-04 08:38:00,1,0.5,0,1,0,0,NA,0,1
2015-09-04 19:08:00,1,0.5,0,1,0,0,NA,NA,1
2015-09-05 08:34:00,1,0.5,0,1,0,0,NA,NA,2
2015-09-05 16:18:00,1,0.5,1,0,0,0,NA,1,2
2015-09-05 19:46:00,2,1,1,0,1,0,NA,1,1
2015-09-06 11:08:00,1,3,0,0,1,0,NA,0,2
2015-09-06 18:56:00,1,0.5,0,0,1,0,NA,NA,2
2015-09-07 08:49:00,1,0.5,0,0,1,0,NA,NA,1
2015-09-07 19:22:00,1,0.5,0,0,1,0,NA,0,1
2015-09-08 08:41:00,1,0.5,0,0,1,0,NA,NA,1
2015-09-08 18:29:00,1,0.5,0,0,1,0,NA,NA,2
2015-09-09 09:30:00,1,0.5,0,0,1,0,NA,NA,1
2015-09-10 19:57:00,1,0.5,0,1,0,0,NA,1,2
2015-09-11 08:51:00,1,0.5,1,0,0,0,NA,0,1
2015-09-11 19:19:00,1,0.5,0,1,0,0,NA,NA,2
2015-09-12 19:34:00,1,1,1,0,0,0,NA,1,1
2015-09-13 10:23:00,1,1.5,1,0,0,0,NA,NA,2
2015-09-13 19:48:00,1,1,1,0,0,0,NA,NA,2
2015-09-14 10:09:00,1,0.5,1,0,0,0,NA,NA,1
2015-09-14 19:21:00,1,0.5,0,1,0,0,NA,0,1
2015-09-15 10:58:00,1,0.5,0,1,0,0,NA,NA,1
2015-09-15 19:13:00,2,1,0,2,0,0,NA,1,1
2015-09-16 11:40:00,2,1,0,2,2,0,NA,NA,1
2015-09-16 20:52:00,2,1.5,1,1,0,0,NA,0,2
2015-09-17 09:21:00,2,1.5,0,2,0,0,NA,NA,1
2015-09-17 19:31:00,7,1,0,2,5,0,NA,5,2
2015-09-18 11:58:00,8,1.5,1,0,6,0,NA,0,2
2015-09-18 21:26:00,7,2.5,1,1,5,0,NA,NA,1
2015-09-19 09:43:00,7,1.5,1,0,6,0,NA,NA,2
2015-09-19 17:20:00,9,0.5,0,1,1,0,NA,NA,1
2015-09-19 22:40:00,9,2,1,2,6,0,NA,2,2
2015-09-20 10:59:00,9,2,0,6,3,0,NA,0,1
2015-09-20 20:49:00,9,1.5,0,3,6,0,NA,NA,3
2015-09-21 10:13:00,9,3,0,3,6,0,NA,0,1
2015-09-21 19:06:00,9,0.5,0,3,6,0,NA,0,3
2015-09-22 10:26:00,8,2,0,2,6,0,NA,NA,3
2015-09-22 19:52:00,8,0.5,0,0,8,0,NA,1,2
2015-09-23 10:36:00,6,3,0,0,6,0,NA,NA,2
2015-09-23 20:50:00,6,2,0,1,5,0,NA,NA,2
2015-09-24 11:45:00,4,2,0,1,3,0,NA,NA,2
2015-09-24 20:41:00,6,1,0,2,4,0,NA,2,2
2015-09-25 09:25:00,6,1,1,1,4,0,NA,NA,2
2015-09-25 19:57:00,6,1,0,2,4,0,NA,NA,2
2015-09-26 09:49:00,6,1,0,2,4,0,NA,NA,2
2015-09-26 21:39:00,7,2,0,3,4,0,NA,NA,2
2015-09-27 08:56:00,7,1,0,3,4,0,NA,0,2
2015-09-27 20:17:00,7,1,0,3,4,0,NA,0,2
2015-09-28 12:13:00,7,2,0,1,6,0,NA,NA,1
2015-09-28 21:04:00,7,1.5,0,1,6,0,NA,0,3
2015-09-29 09:00:00,5,1,0,0,7,0,NA,NA,2
2015-09-29 14:24:00,3,1,1,2,0,0,NA,NA,1
2015-09-29 20:46:00,7,1.5,1,2,5,0,NA,NA,2
2015-09-30 11:15:00,5,3.5,0,3,2,0,NA,0,3
2015-09-30 19:10:00,5,1,0,3,2,0,NA,NA,2
2015-10-01 14:57:00,11,4,0,1,10,0,NA,6,1
2015-10-01 20:12:00,12,1,0,2,10,0,NA,NA,3
2015-10-02 12:35:00,11,4,1,3,7,0,NA,NA,1
2015-10-02 20:27:00,12,2,1,1,8,0,NA,NA,2
2015-10-03 13:41:00,13,4.5,2,3,8,0,NA,NA,1
2015-10-03 20:18:00,13,1.5,0,3,10,0,NA,0,2
2015-10-04 10:12:00,13,2,0,3,10,0,NA,NA,2
2015-10-04 21:41:00,14,2,0,4,9,0,NA,NA,2
2015-10-05 15:37:00,19,4,3,6,10,0,NA,5,2
2015-10-05 21:17:00,19,2,4,4,11,0,NA,5,3
2015-10-06 13:29:00,16,4,0,6,10,0,NA,0,1
2015-10-06 21:25:00,14,2.5,1,3,11,0,NA,NA,2
2015-10-07 12:38:00,15,3,0,1,14,1,NA,NA,1
2015-10-07 21:41:00,16,2.5,0,3,13,0,NA,1,3
2015-10-08 12:17:00,16,3,0,4,10,0,NA,0,2
2015-10-08 21:18:00,16,2,1,1,14,0,NA,NA,2
2015-10-09 11:07:00,15,3,1,1,13,0,NA,NA,2
2015-10-09 16:37:00,1,0.5,0,1,0,0,NA,1,1
2015-10-09 21:12:00,16,2,1,2,13,0,NA,NA,2
2015-10-10 11:14:00,16,3,1,0,15,0,NA,0,2
2015-10-10 21:57:00,8,2.5,1,2,6,0,NA,0,2
2015-10-11 10:10:00,6,2,0,0,8,1,NA,NA,2
2015-10-11 19:50:00,2,0.5,0,0,2,0,NA,0,2
2015-10-12 09:09:00,2,0.5,0,0,2,0,NA,NA,1
2015-10-12 20:19:00,3,1,0,1,2,0,NA,1,1
2015-10-13 09:49:00,3,1,0,1,2,0,NA,0,2
2015-10-13 19:59:00,3,0.5,0,1,2,0,NA,NA,1
2015-10-14 08:53:00,3,0.5,0,1,2,0,NA,NA,2
2015-10-14 14:17:00,1,1.5,1,0,0,0,NA,1,1
2015-10-14 19:41:00,4,1,0,1,3,1,NA,1,2
2015-10-15 10:07:00,3,1.5,0,0,3,0,NA,0,1
2015-10-15 17:27:00,1,1,0,1,0,0,NA,NA,2
2015-10-15 20:52:00,3,1,1,1,1,0,NA,0,1
2015-10-16 12:56:00,2,1,0,2,0,0,NA,NA,1
2015-10-16 20:59:00,2,1,0,2,0,0,NA,NA,1
2015-10-17 09:59:00,2,1.5,0,2,0,0,NA,NA,1
2015-10-17 20:48:00,3,1.5,0,2,1,0,NA,NA,1
2015-10-18 08:59:00,3,1,0,2,1,0,NA,NA,2
2015-10-18 21:04:00,3,1.5,0,2,1,0,NA,NA,2
2015-10-19 10:30:00,3,2,0,3,0,0,NA,NA,1
2015-10-19 20:17:00,3,1,0,1,2,0,NA,0,2
2015-10-20 09:53:00,3,1,0,0,3,0,NA,0,2
2015-10-20 20:31:00,6,1,1,5,0,0,NA,NA,2
2015-10-21 11:39:00,6,2,0,2,4,0,NA,0,2
2015-10-21 20:21:00,7,1,0,2,5,0,NA,NA,2
2015-10-22 15:13:00,7,3,0,3,4,0,NA,NA,2
2015-10-22 20:53:00,7,1.5,0,2,5,0,NA,NA,2
2015-10-23 10:35:00,5,2.5,0,5,0,0,NA,0,2
2015-10-23 20:34:00,6,1,0,3,3,0,NA,1,2
2015-10-24 11:33:00,6,2.5,0,3,3,0,NA,NA,2
2015-10-24 20:57:00,6,2,1,1,4,0,NA,0,2
2015-10-25 08:08:00,6,1,1,0,5,0,NA,NA,2
2015-10-25 18:32:00,6,1,1,0,5,0,NA,NA,2
2015-10-26 10:09:00,6,2,0,1,5,0,NA,0,1
2015-10-26 19:38:00,6,2,1,0,5,0,NA,0,2
2015-10-27 10:08:00,5,2,1,1,3,0,NA,0,1
2015-10-27 18:58:00,5,1,1,1,3,0,NA,NA,2
2015-10-28 09:49:00,4,1.5,2,0,2,0,NA,0,1
2015-10-28 18:10:00,3,0.5,0,1,3,0,NA,NA,2
2015-10-29 10:14:00,4,1.5,0,1,2,0,NA,NA,1
2015-10-29 15:00:00,5,1,3,0,2,0,NA,2,1
2015-10-29 20:06:00,5,1.5,0,4,1,0,NA,NA,2
2015-10-30 13:45:00,5,1.5,0,4,1,0,NA,NA,2
2015-10-30 14:12:00,4,1.5,2,2,1,0,NA,0,1
2015-10-30 21:53:00,3,1.5,0,1,2,0,NA,NA,2
2015-10-31 08:35:00,3,1.5,1,0,2,0,NA,NA,1
2015-10-31 19:29:00,3,1.5,1,1,1,0,NA,0,1
2015-11-01 12:06:00,2,1.5,1,0,1,0,NA,0,2
2015-11-01 16:07:00,1,1,0,1,0,0,NA,1,1
2015-11-01 20:43:00,3,1.5,1,0,2,0,NA,NA,3
2015-11-02 09:19:00,3,1.5,1,1,1,0,NA,0,1
2015-11-02 21:40:00,2,2,1,1,1,0,NA,0,2
2015-11-03 10:21:00,2,1.5,1,1,0,0,NA,0,1
2015-11-03 19:40:00,2,0.5,0,1,1,0,NA,NA,2
2015-11-04 08:41:00,2,0.5,0,1,1,0,NA,NA,2
2015-11-04 14:34:00,2,1,0,0,0,0,NA,NA,3
2015-11-04 20:21:00,4,1,0,2,2,0,NA,NA,2
2015-11-05 10:37:00,4,2,0,2,2,0,NA,0,1
2015-11-05 19:15:00,4,1,0,1,3,0,NA,NA,1
2015-11-06 09:48:00,4,1,0,1,3,0,NA,0,2
2015-11-06 21:12:00,4,2,0,2,2,0,NA,NA,1
2015-11-07 11:04:00,3,2,0,1,2,0,NA,NA,2
2015-11-07 20:07:00,3,1,0,1,2,0,NA,0,2
2015-11-08 09:12:00,3,1.5,0,0,3,0,NA,NA,1
2015-11-08 18:34:00,3,1.5,0,0,3,0,NA,NA,1
2015-11-08 19:05:00,3,0.5,0,1,2,0,NA,NA,2
2015-11-09 09:23:00,2,1,0,1,1,0,NA,0,1
2015-11-09 20:03:00,2,0.5,0,0,2,0,NA,0,2
2015-11-10 09:24:00,1,1.5,0,0,1,0,NA,0,2
2015-11-10 22:08:00,9,3,0,3,6,0,NA,8,2
2015-11-11 11:58:00,10,3,1,6,3,0,NA,1,2
2015-11-11 20:47:00,11,2,0,6,5,0,NA,NA,2
2015-11-12 20:02:00,11,1,0,4,7,0,NA,NA,2
2015-11-13 11:44:00,11,2.5,0,5,5,0,NA,0,3
2015-11-13 21:56:00,11,1.5,0,3,8,0,NA,0,1
2015-11-14 12:43:00,10,2,0,1,9,0,NA,0,1
2015-11-14 20:40:00,12,1.5,0,2,10,0,NA,2,2
2015-11-15 09:12:00,12,1,0,2,10,0,NA,NA,2
2015-11-15 19:42:00,12,1,1,1,10,0,NA,NA,2
2015-11-16 11:15:00,7,2,0,2,5,0,NA,0,2
2015-11-16 21:28:00,9,2,0,3,5,0,NA,2,2
2015-11-17 10:57:00,8,3,0,1,7,0,NA,NA,2
2015-11-17 19:46:00,8,1,0,1,7,0,NA,NA,3
2015-11-18 10:18:00,8,2,0,1,7,0,NA,NA,1
2015-11-18 21:42:00,5,1.5,0,3,2,0,NA,NA,2
2015-11-19 09:44:00,5,1.5,0,0,5,0,NA,0,1
2015-11-19 20:32:00,5,1.5,0,0,5,0,NA,NA,2
2015-11-20 09:05:00,4,1,0,0,4,0,NA,NA,2
2015-11-20 19:48:00,5,0.5,0,1,4,0,NA,1,2
2015-11-21 11:18:00,5,1.5,0,1,4,0,NA,NA,2
2015-11-21 19:43:00,2,0.5,0,1,1,0,NA,NA,2
2015-11-22 10:27:00,1,1,1,0,0,0,NA,NA,1
2015-11-22 18:32:00,1,0.5,0,1,0,0,NA,NA,1
2015-11-23 10:09:00,1,0.5,0,1,0,0,NA,NA,1
2015-11-23 20:00:00,1,1,1,0,0,0,NA,0,1
2015-11-24 08:38:00,1,0.5,0,1,0,0,NA,0,1
2015-11-24 19:26:00,1,0.5,0,1,0,0,NA,NA,1
2015-11-25 08:06:00,1,0.5,0,1,0,0,NA,NA,1
2015-11-25 20:49:00,3,1.5,2,0,1,0,NA,2,1
2015-11-26 09:10:00,3,1,1,1,1,0,NA,0,2
2015-11-26 21:08:00,3,2,2,0,1,0,NA,NA,1
2015-11-27 22:10:00,6,2.5,2,2,1,0,NA,3,2
2015-11-28 12:15:00,6,2.5,2,2,2,0,NA,0,1
2015-11-28 22:15:00,6,2.5,2,3,1,0,NA,0,1
2015-11-29 12:02:00,5,3,0,3,2,0,NA,0,1
2015-11-29 20:56:00,5,2,0,2,3,0,NA,NA,2
2015-11-30 09:05:00,5,1.5,0,3,2,0,NA,0,1
2015-11-30 21:26:00,7,2,1,2,4,0,NA,2,1
2015-12-01 12:10:00,8,3,1,3,4,0,NA,1,2
2015-12-01 20:44:00,8,1.5,1,2,5,1,NA,1,3
2015-12-02 13:38:00,9,2,1,2,6,0,NA,NA,1
2015-12-02 22:10:00,9,3,1,3,5,0,NA,1,3
2015-12-03 10:11:00,5,2.5,1,1,3,0,NA,0,2
2015-12-03 21:59:00,8,2,2,2,4,0,NA,NA,2
2015-12-04 10:45:00,8,4,1,3,4,0,NA,0,1
2015-12-04 21:42:00,8,2.5,1,3,4,0,NA,NA,2
2015-12-05 10:11:00,8,2,1,3,4,0,NA,NA,3
2015-12-06 00:15:00,8,5,1,3,4,0,NA,0,1
2015-12-06 21:45:00,5,2.5,1,3,1,0,NA,NA,2
2015-12-07 12:24:00,4,4,1,0,3,0,NA,0,1
2015-12-07 13:35:00,4,1,1,3,0,0,NA,0,1
2015-12-07 20:26:00,4,1.5,0,1,3,0,NA,NA,2
2015-12-08 19:58:00,4,1,0,1,3,0,NA,NA,2
2015-12-09 08:17:00,4,1,0,1,3,0,NA,NA,2
2015-12-09 09:39:00,4,1.5,1,0,3,0,NA,NA,1
2015-12-09 20:41:00,4,1,0,0,4,0,NA,1,3
2015-12-10 10:50:00,3,1,0,1,2,0,NA,0,1
2015-12-10 19:53:00,3,1,0,1,2,0,NA,0,2
2015-12-11 09:30:00,1,1.5,0,1,0,0,NA,0,1
2015-12-11 19:50:00,6,1,0,1,5,0,NA,5,2
2015-12-12 09:20:00,6,1,0,0,6,0,NA,0,2
2015-12-12 20:51:00,8,1.5,0,3,5,0,NA,NA,2
2015-12-13 09:48:00,8,1.5,0,2,6,0,NA,0,2
2015-12-13 20:45:00,8,1.5,0,0,8,0,NA,NA,1
2015-12-14 08:57:00,8,1.5,0,3,6,0,NA,0,1
2015-12-14 20:37:00,12,1.5,0,0,12,0,NA,4,1
2015-12-15 09:48:00,12,1.5,0,2,10,0,NA,NA,2
2015-12-15 20:20:00,12,1,0,2,10,0,NA,NA,2
2015-12-16 09:46:00,12,1.5,0,1,11,0,NA,0,2
2015-12-16 20:55:00,13,2,0,3,10,0,NA,1,2
2015-12-17 11:39:00,7,4,1,2,4,0,NA,0,1
2015-12-17 22:37:00,8,3,0,4,4,0,NA,1,2
2015-12-18 10:17:00,6,2.5,0,4,2,0,NA,NA,2
2015-12-18 20:32:00,11,2,6,3,2,0,NA,5,1
2015-12-19 12:14:00,11,4,1,4,6,0,NA,NA,1
2015-12-19 23:30:00,13,4.5,1,8,4,0,NA,1,1
2015-12-20 13:35:00,13,5,1,8,4,0,NA,0,1
2015-12-20 22:39:00,13,3,1,6,6,0,NA,0,1
2015-12-21 11:40:00,13,3.5,1,2,10,0,NA,0,1
2015-12-21 21:53:00,13,3,0,3,10,0,NA,NA,2
2015-12-22 13:18:00,11,3,11,1,10,0,NA,0,1
2015-12-22 21:34:00,12,2.5,0,1,11,0,NA,NA,1
2015-12-23 12:48:00,10,4,1,2,4,0,NA,1,2
2015-12-23 22:35:00,10,3,0,2,8,0,NA,1,1
2015-12-24 09:54:00,4,2,0,2,2,0,NA,NA,2
2015-12-25 10:19:00,4,2,0,2,2,0,NA,NA,1
2015-12-26 10:30:00,4,2,1,0,3,0,NA,0,1
2015-12-26 19:19:00,5,1,2,0,3,0,NA,NA,1
2015-12-27 10:27:00,4,2,2,1,1,0,NA,NA,1
2015-12-27 19:04:00,5,1,2,0,3,0,NA,NA,1
2015-12-28 11:39:00,4,4,2,0,2,0,NA,0,1
2015-12-28 20:24:00,4,0.5,2,0,2,0,NA,NA,2
2015-12-29 11:07:00,4,2.5,1,2,1,0,NA,NA,1
2015-12-29 20:18:00,3,1,0,1,2,1,NA,NA,1
2015-12-30 10:13:00,2,1,0,1,1,0,NA,NA,2
2015-12-30 20:59:00,3,1.5,0,2,1,0,NA,1,2
2015-12-31 11:43:00,3,1.5,0,2,1,0,NA,NA,1
2015-12-31 20:23:00,3,1.5,0,1,2,0,NA,0,2
2016-01-01 10:01:00,3,1,0,1,2,0,NA,0,1
2016-01-02 09:04:00,3,0.5,0,1,2,0,NA,NA,1
2016-01-02 22:47:00,8,3.5,1,6,1,0,NA,6,1
2016-01-03 10:52:00,7,3,0,6,1,0,NA,NA,1
2016-01-03 22:06:00,7,3,0,6,1,0,NA,0,1
2016-01-04 13:13:00,11,4,0,4,5,0,NA,4,2
2016-01-04 23:04:00,11,4,0,7,4,0,NA,NA,1
2016-01-05 11:28:00,11,3,0,2,9,0,NA,0,2
2016-01-05 20:41:00,11,2.5,1,1,9,0,NA,NA,1
2016-01-06 12:41:00,10,2,0,2,8,0,NA,0,1
2016-01-06 22:33:00,10,2.5,0,2,8,0,NA,NA,2
2016-01-07 12:20:00,12,4,0,4,8,0,NA,2,1
2016-01-07 23:26:00,12,4.5,0,3,9,0,NA,NA,1
2016-01-08 11:10:00,7,3.5,0,0,7,0,NA,0,1
2016-01-08 21:26:00,11,2.5,0,5,6,0,NA,4,2
2016-01-09 10:17:00,11,2,0,4,7,0,NA,0,2
2016-01-09 23:59:00,12,4.5,0,4,7,1,NA,1,1
2016-01-10 12:21:00,10,4,0,5,5,0,NA,0,2
2016-01-10 20:36:00,10,2,0,1,9,0,NA,NA,1
2016-01-11 20:57:00,10,2.5,0,2,8,0,NA,0,1
2016-01-12 12:04:00,5,5,0,2,3,0,NA,0,1
2016-01-12 20:42:00,5,2,0,2,3,0,NA,NA,1
2016-01-13 11:44:00,5,1.5,0,0,5,0,NA,NA,2
2016-01-13 19:31:00,5,1,0,0,5,0,NA,NA,2
2016-01-14 08:59:00,5,1,0,0,5,0,NA,0,1
2016-01-14 12:37:00,3,1.5,0,1,2,0,NA,1,1
2016-01-14 21:11:00,3,2,0,1,2,0,NA,NA,1
2016-01-15 08:47:00,3,1,0,1,2,0,NA,NA,1
2016-01-15 21:04:00,4,2,1,1,2,0,NA,1,1
2016-01-16 09:24:00,4,1,1,1,2,0,NA,NA,2
2016-01-16 20:59:00,12,2.5,3,2,7,0,NA,7,1
2016-01-17 10:34:00,10,2.5,3,5,2,0,NA,NA,2
2016-01-17 22:26:00,11,3,2,4,5,0,NA,1,1
2016-01-18 11:51:00,11,3.5,2,3,6,0,NA,NA,2
2016-01-18 23:19:00,15,4,2,5,8,0,NA,4,2
2016-01-19 15:33:00,17,7,3,7,9,0,NA,4,2
2016-01-19 22:37:00,20,3.5,5,4,11,0,NA,0,2
2016-01-20 15:20:00,19,7,4,5,9,0,NA,1,3
2016-01-20 22:56:00,18,4,4,2,12,0,NA,NA,2
2016-01-21 13:27:00,16,5,3,3,9,0,NA,NA,1
2016-01-21 20:59:00,19,2,2,4,13,0,NA,NA,2
2016-01-22 15:10:00,17,4,4,4,9,0,NA,1,2
2016-01-22 23:03:00,17,3.5,4,4,9,0,NA,0,3
2016-01-23 12:52:00,17,4,3,5,9,0,NA,0,3
2016-01-23 23:51:00,24,5,1,5,18,0,NA,NA,2
2016-01-24 13:59:00,23,4.5,3,2,14,0,NA,0,2
2016-01-24 21:41:00,22,3,3,2,17,0,NA,NA,2
2016-01-25 11:37:00,15,4,3,2,10,0,NA,0,3
2016-01-25 22:58:00,16,3.5,1,4,11,0,NA,0,2
2016-01-26 13:07:00,12,5,1,2,8,0,NA,0,1
2016-01-26 21:20:00,11,2.5,0,3,8,1,NA,NA,2
2016-01-27 13:05:00,11,3.5,0,2,8,0,NA,NA,1
2016-01-27 21:39:00,10,2.5,0,3,7,0,NA,NA,3
2016-01-28 21:11:00,6,2,0,2,3,0,NA,NA,2
2016-01-29 09:44:00,2,2.5,0,0,2,0,NA,0,1
2016-01-29 20:03:00,2,1,0,0,2,0,NA,NA,3
2016-01-30 09:32:00,2,0.5,0,0,2,0,NA,NA,1
2016-01-30 19:53:00,2,0.5,0,1,1,0,NA,1,1
2016-01-31 09:05:00,1,1,0,1,0,0,NA,0,1
2016-01-31 16:57:00,2,1,0,2,0,0,NA,1,1
2016-01-31 20:38:00,2,1.5,1,1,0,0,NA,NA,1
2016-02-01 11:10:00,2,2,1,1,0,0,NA,0,1
2016-02-01 20:02:00,4,1,1,3,0,0,NA,2,2
2016-02-02 10:07:00,4,2,1,2,1,0,NA,NA,1
2016-02-02 22:34:00,5,3.5,2,1,2,0,NA,1,2
2016-02-03 20:43:00,5,1.5,0,3,2,0,NA,NA,3
2016-02-04 11:16:00,5,3,2,1,2,0,NA,0,1
2016-02-04 21:03:00,8,2,2,4,2,0,NA,1,2
2016-02-05 11:09:00,7,3,3,3,1,0,1,NA,2
2016-02-05 23:59:00,13,4,3,9,1,0,NA,NA,3
2016-02-06 11:54:00,13,4,4,5,4,0,NA,NA,2
2016-02-07 01:22:00,14,6,3,9,2,0,NA,NA,2
2016-02-07 12:54:00,14,5,6,3,5,0,NA,NA,2
2016-02-07 23:29:00,14,4.5,2,10,2,0,NA,0,2
2016-02-08 10:33:00,13,4,3,9,1,0,1,0,2
2016-02-09 01:01:00,14,5,1,7,6,0,NA,NA,2
2016-02-09 12:43:00,12,3,3,6,3,1,1,0,3
2016-02-09 22:48:00,13,3.5,3,6,4,0,NA,1,3
2016-02-10 21:07:00,14,2.5,3,2,9,0,NA,1,3
2016-02-11 13:24:00,11,4.5,2,6,3,0,4,1,2
2016-02-11 22:30:00,13,3.5,3,5,5,0,NA,1,3
2016-02-12 13:02:00,13,5,3,8,2,0,1,1,2
2016-02-12 22:40:00,13,3.5,3,4,5,0,NA,NA,2
2016-02-13 11:07:00,13,3.5,1,3,7,0,3,NA,2
2016-02-13 22:58:00,10,3.5,1,5,4,0,NA,NA,2
2016-02-14 12:26:00,10,4,2,3,5,0,NA,0,2
2016-02-14 20:46:00,8,2,1,4,3,0,NA,NA,2
2016-02-15 22:21:00,8,3,0,4,4,0,NA,NA,1
2016-02-16 10:36:00,8,2.5,0,2,6,0,1,0,1
2016-02-16 21:08:00,9,3,1,1,7,0,NA,1,3
2016-02-17 10:06:00,8,2.5,2,0,6,0,1,NA,2
2016-02-17 19:49:00,10,1,2,1,7,0,NA,2,4
2016-02-18 10:49:00,8,3.5,2,2,4,0,2,0,2
2016-02-18 22:38:00,14,3.5,2,2,10,0,NA,6,2
2016-02-19 10:47:00,11,3,2,3,6,0,3,NA,2
2016-02-19 21:41:00,12,3,3,3,6,0,NA,1,3
2016-02-20 10:45:00,12,2.5,1,5,6,0,NA,NA,2
2016-02-20 23:28:00,13,4,1,5,7,0,NA,NA,2
2016-02-21 12:32:00,11,4,2,4,5,1,1,0,2
2016-02-21 21:11:00,9,3,3,1,6,1,NA,NA,1
2016-02-22 09:39:00,10,2.5,0,3,7,0,NA,0,2
2016-02-22 21:36:00,10,2.5,0,3,7,0,NA,0,1
2016-02-23 12:13:00,13,4,0,6,7,0,NA,3,1
2016-02-23 22:31:00,13,2.5,0,3,10,0,NA,NA,3
2016-02-24 11:43:00,6,4,0,1,5,0,7,0,1
2016-02-24 20:39:00,7,1.5,1,1,5,0,NA,1,4
2016-02-25 14:34:00,7,3,1,1,5,0,NA,0,1
2016-02-25 21:24:00,8,1.5,2,1,5,0,NA,1,4
2016-02-26 09:50:00,8,1.5,0,3,5,0,NA,NA,2
2016-02-26 21:34:00,9,2.5,1,4,5,0,NA,1,2
2016-02-27 10:24:00,9,2.5,1,2,6,0,2,NA,2
2016-02-27 22:19:00,8,3,1,3,4,0,NA,NA,3
2016-02-28 11:23:00,8,3,1,3,4,0,4,0,2
2016-02-28 21:39:00,21,2.5,2,18,1,0,NA,18,4
2016-02-29 13:04:00,21,5,1,8,12,0,NA,0,2
2016-02-29 21:33:00,20,2.5,0,9,11,0,NA,0,3
2016-03-01 10:27:00,20,2.5,0,7,13,0,NA,NA,2
2016-03-01 22:37:00,20,3,5,8,7,NA,NA,1,3
2016-03-02 13:26:00,20,4,1,8,11,NA,NA,NA,1
2016-03-02 22:12:00,21,3,3,8,10,NA,NA,1,4
2016-03-03 13:41:00,21,5.5,3,6,12,NA,NA,0,2
2016-03-03 22:36:00,26,3.5,3,6,16,NA,NA,5,4
2016-03-04 15:30:00,16,5,3,3,10,NA,NA,0,2
2016-03-04 22:36:00,17,3.5,2,2,13,NA,NA,NA,2
2016-03-05 11:24:00,17,3.5,3,2,11,NA,NA,NA,2
2016-03-05 21:00:00,14,2,1,0,13,NA,NA,0,3
2016-03-06 12:27:00,10,4,0,1,9,NA,NA,0,3
2016-03-06 20:12:00,10,1.5,1,0,9,NA,NA,NA,4
2016-03-07 09:39:00,10,1.5,0,1,9,NA,NA,0,3
2016-03-07 21:34:00,10,2.5,0,1,9,NA,NA,0,2
2016-03-08 09:43:00,5,2,0,1,4,NA,NA,0,1
2016-03-08 21:35:00,7,2.5,0,3,4,NA,NA,NA,1
2016-03-09 12:05:00,3,3.5,1,2,0,NA,NA,0,1
2016-03-09 20:15:00,3,1,0,3,0,NA,NA,NA,3
2016-03-10 10:15:00,3,2,0,3,0,NA,NA,0,1
2016-03-10 20:41:00,3,1,0,2,1,NA,NA,NA,2
2016-03-11 09:27:00,3,1,0,1,2,NA,NA,NA,3
2016-03-12 21:52:00,7,3,1,2,4,NA,NA,2,1
2016-03-13 08:52:00,7,2,1,2,4,NA,NA,NA,2
2016-03-13 21:58:00,9,4,2,2,5,NA,NA,2,1
2016-03-14 09:05:00,10,2.5,0,6,2,NA,NA,0,2
2016-03-14 21:55:00,9,3,1,5,3,NA,NA,1,3
2016-03-15 09:21:00,9,3,1,6,2,NA,NA,0,2
2016-03-16 00:09:00,13,6,0,9,13,NA,NA,4,1
2016-03-16 10:19:00,12,4,1,8,3,NA,NA,1,2
2016-03-16 21:23:00,14,4,0,8,6,NA,NA,0,1
2016-03-17 13:30:00,14,6,0,8,6,NA,NA,0,2
2016-03-17 23:52:00,15,5,1,9,5,NA,NA,1,2
2016-03-18 10:58:00,15,3,0,9,6,NA,NA,0,3
2016-03-18 22:20:00,19,4,0,6,12,NA,NA,4,2
2016-03-19 12:53:00,15,5,0,5,10,NA,NA,0,3
2016-03-19 19:52:00,16,1.5,0,2,14,NA,NA,0,3
2016-03-20 08:30:00,16,1.5,1,3,12,NA,NA,NA,2
2016-03-20 20:06:00,17,2,2,5,10,NA,NA,4,4
2016-03-21 09:31:00,16,2.5,3,2,11,NA,NA,0,2
2016-03-21 21:13:00,16,3.5,2,3,11,NA,NA,0,3
2016-03-22 10:53:00,10,4,2,8,6,NA,NA,0,2
2016-03-22 20:23:00,10,2.5,2,1,7,NA,NA,1,2
2016-03-23 13:01:00,4,5,1,2,1,NA,NA,0,2
2016-03-23 21:05:00,4,2.5,0,3,1,NA,NA,0,2
2016-03-24 20:04:00,5,2,0,3,2,NA,NA,NA,2
2016-03-25 09:46:00,4,2.5,0,3,1,NA,NA,0,3
2016-03-25 22:50:00,15,4.5,0,5,10,NA,NA,1,2
2016-03-26 12:18:00,15,5,0,5,9,NA,NA,0,1
2016-03-26 21:08:00,18,3,1,4,13,NA,NA,4,3
2016-03-27 10:38:00,18,2.5,1,1,16,NA,NA,NA,3
